The Wrekin|Conservative Party |Mark Pritchard |None|16,320|32.6|-32.1
The Wrekin|Labour Party |Roh Yakobi|None|15,437|30.9|+6.6
The Wrekin|Reform UK|Richard Leppington|None|9,920|19.8|+19.8
The Wrekin|Liberal Democrats |Anthony Lowe|None|4,757|9.5|+1.5
The Wrekin|Green Party of England and Wales|Patrick McCarthy|None|3,028|6.1|+3.2
The Wrekin|Independent|Chris Shipley|None|883||
North Shropshire|Liberal Democrats |Helen Morgan |winning|26,214|52.9|+42.5
North Shropshire|Conservative Party |Simon Baynes|None|10,903|22.0|-39.07
North Shropshire|Reform UK|Mark Whittle|None|7,687|15.5|+15.5
North Shropshire|Labour Party |Natalie Rowley|None|3,423|6.9|-15.5
North Shropshire|Green Party of England and Wales|Craig Emery|None|1,234|2.5|-0.8
North Shropshire|Independent politician|Samuel Cladingbowl|None|||
Shrewsbury|Labour Party |Julia Buckley|winning|22,932|44.3|0
Shrewsbury|Conservative Party |Daniel Kawczynski|None|11,577|22.4|0
Shrewsbury|Reform UK|Victor Applegate|None|7,524|14.5|0
Shrewsbury|Liberal Democrats |Alex Wagner|None|6,722|13.0|0
Shrewsbury|Green Party of England and Wales|Julian Dean|None|2,387|4.6|0
Shrewsbury|English Democrats|Chris Bovill|None|241|0.5|0
Shrewsbury|Independent politician|James Gollins|None|11,355|22.0|0
South Shropshire|Conservative Party |Stuart Anderson |None|||0
South Shropshire|Liberal Democrats |Matthew Green |None|||0
South Shropshire|Reform UK|Charles Shackerley-Bennett|None|||0
South Shropshire|Labour Party |Simon Thomson|None|||0
South Shropshire|Green Party of England and Wales|Hilary Wendt|None|||
Telford|Reform UK|Alan Adams|None|10,110|24.8|
Telford|Green Party of England and Wales|John Adams|None|2,120|5.2|+5.2
Telford|Conservative Party |Hannah Campbell|None|8,728|21.4|-37.9
Telford|Labour Party |Shaun Davies|None|18,212|44.7|+10.4
Telford|Liberal Democrats |Jo McKenna|None|1,560|3.8|-2.4
Kingswinford and South Staffordshire|Liberal Democrats |Gully Bansal|None|||0
Kingswinford and South Staffordshire|Labour Party |Sally Benton|None|||0
Kingswinford and South Staffordshire|Reform UK|Gary Dale|None|||0
Kingswinford and South Staffordshire|Green Party of England and Wales|Claire McIlvenna|None|||0
Kingswinford and South Staffordshire|Independent politician|Shaz Saleem|None|||0
Kingswinford and South Staffordshire|Conservative Party |Mike Wood |None|||
Burton and Uttoxeter|Reform UK|James Bush|None|9,611|21.1|+21.1
Burton and Uttoxeter|Labour Party |Jacob Collier |None|16,222|35.6|+4.7
Burton and Uttoxeter|Conservative Party |Kate Kniveton|None|13,956|30.6|-30.1
Burton and Uttoxeter|Workers Party of Britain|Azmat Mir|None|2,056|4.5|+4.5
Burton and Uttoxeter|Liberal Democrats |Sarah Murray|None|1,663|3.6|-1.9
Burton and Uttoxeter|Green Party of England and Wales|Anna Westwood|None|||
Cannock Chase|Reform UK|Paul Allen|None|||
Cannock Chase|Liberal Democrats |Elizabeth Jewkes|None|||
Cannock Chase|Conservative Party |Amanda Milling|None|||
Cannock Chase|Green Party of England and Wales|Andrea Muckley|None|||
Cannock Chase|Labour Party |Josh Newbury|None|||
Lichfield|Labour Party |Dave Robertson|winning|17,232|35.1|+14.1
Lichfield|Conservative Party |Michael Fabricant|None|16,422|33.4|-30.7
Lichfield|Reform UK|Richard Howard|None|9,734|19.8|
Lichfield|Independent politician|Pete Longman|None|322|0.7|
Lichfield|Independent politician|John Madden|None|98|0.2|
Lichfield|Green Party of England and Wales|Heather McNeillis|None|1,724|3.5|+0.3
Lichfield|Liberal Democrats |Paul Ray|None|810|1.64|42.06
Newcastle|Labour Party |Adam Jogee|winning|15,992|40.4|+5.0
Newcastle|Conservative Party |Simon Tagg|None|10,923|27.6|-25.2
Newcastle|Reform UK|Neill Walker|None|8,865|22.4|+18.3
Newcastle|Liberal Democrats |Nigel Jones|None|1,987|5.0|-0.6
Newcastle|Green Party of England and Wales|Jennifer Hibell|None|5,069|12.8|
Stafford|Labour Party |Leigh Ingham|winning|18,531|40.3|+9.1
Stafford|Conservative Party |Theodora Clarke|None|13,936|30.3|-27.6
Stafford|Reform UK|Michael Riley|None|8,612|18.7|+18.7
Stafford|Green Party of England and Wales|Scott Spencer|None|2,856|6.2|+1.7
Stafford|Liberal Democrats |Peter Andras|None|1,676|3.6|-2.8
Stafford|Official Monster Raving Loony Party|Titus Anything|None|307|0.7|+0.7
Stafford|Heritage Party |Craig Morton|None|4,595|10.0|
Staffordshire Moorlands|Conservative Party |Karen Bradley|None|||
Staffordshire Moorlands|Liberal Democrats |Graham Oakes|None|||
Staffordshire Moorlands|Reform UK|Dave Poole|None|||
Staffordshire Moorlands|Green Party of England and Wales|Helen Stead|None|||
Staffordshire Moorlands|Labour Party |Alastair Watson|None|||
Stoke|Labour and Co-operative|Gareth Snell|winning|14,950|42.4|
Stoke|Reform UK|Luke Shenton|None|8,541|24.2|
Stoke|Conservative Party |Chandra Kanneganti|None|6,221|17.6|
Stoke|Independent politician|Navid Kaleem|None|2,281|6.5|
Stoke|Green Party of England and Wales|Adam Colclough|None|1,703|4.8|
Stoke|Liberal Democrats |Laura McCarthy|None|999|2.8|
Stoke|Independent politician|Andy Polshaw|None|315|0.9|
Stoke|Independent politician|AliRom Alirom|None|6,409|18.2|
Stoke|Reform UK|Karl Beresford|None|8,824|24.4|+18.8
Stoke|Independent politician|Jag Boyapti|None|1,103|3.1|+3.1
Stoke|Conservative Party |Jonathan Gullis|None|9,497|26.3|-27.8
Stoke|Green Party of England and Wales|Josh Harris|None|1,236|3.4|+2.0
Stoke|Liberal Democrats |Lucy Hurds|None|911|2.5|-0.8
Stoke|Labour Party |David Williams|None|14,579|40.3|+5.5
Stoke|Reform UK|Michael Bailey|None|||
Stoke|Conservative Party |Jack Brereton|None|||
Stoke|Labour Party |Allison Gardner|None|||
Stoke|Independent politician|Asif Mehmood|None|||
Stoke|Independent politician|Carla Parrish|None|||
Stoke|Liberal Democrats |Alec Sandiford|None|||
Stoke|Green Party of England and Wales|Peggy Wiseman|None|||
Tamworth|UK Independence Party|Robert Bicliff|None|||
Tamworth|Reform UK|Ian Cooper|None|||
Tamworth|Labour Party |Sarah Edwards |None|||
Tamworth|Workers Party of Britain|Adam Goodfellow|None|||
Tamworth|Green Party of England and Wales|Sue Howarth|None|||
Tamworth|Conservative Party |Eddie Hughes |None|||
Tamworth|Liberal Democrats |Jed Marson|None|||
Rugby|Conservative Party |Yousef Dahmash|winning|15,105|30.8|-26.5
Rugby|Reform UK|Devenne Kedward|None|8,225|16.8|+16.8
Rugby|Liberal Democrats |Richard Dickson|None|3,252|6.6|-1.7
Rugby|Green Party of England and Wales|Becca Stevenson|None|2,556|5.2|+1.9
Rugby|Independent politician|Mark Townsend|None|215|0.4|+0.4
Rugby|Independent politician|Anand Swayamprakasam|None|4,428||
Kenilworth and Southam|UK Independence Party|Paul De'Ath|None|||0
Kenilworth and Southam|Green Party of England and Wales|Alix Dearing|None|||0
Kenilworth and Southam|Official Monster Raving Loony Party|Nick Green|None|||0
Kenilworth and Southam|Reform UK|Jacqui Harris|None|||0
Kenilworth and Southam|Labour Party |Cat Price|None|||0
Kenilworth and Southam|Liberal Democrats |Jenny Wilkinson|None|||0
Kenilworth and Southam|Conservative Party |Jeremy Wright|None|||
Nuneaton|Labour Party |Jodie Gosling|winning|15,216|36.9|+5.4
Nuneaton|Conservative Party |Marcus Jones |None|11,737|28.5|-32.1
Nuneaton|Reform UK|Rob Howard|None|9,059|22.0|
Nuneaton|Green Party of England and Wales|Keith Kondakor|None|2,894|7.0|+3.3
Nuneaton|Liberal Democrats |Joy Salaja|None|1,340|3.3|-0.8
Nuneaton|Workers Party of Britain|John Homer|None|3,479|8.4|
Stratford|Liberal Democrats |Manuela Perteghella|None|23,450|44.3|+20
Stratford|Conservative Party |Chris Clarkson |None|16,328|30.8|-29.8
Stratford|Reform UK|James Crocker|None|7,753|14.6|
Stratford|Labour Party |Seyi Agboola|None|3,753|7.1|-4.2
Stratford|Green Party of England and Wales|Doug Rouxel|None|1,197|2.2|-1.6
Stratford|New Open Non-Political Organised Leadership |Neil O'Neil|None|292|0.5|
Stratford|Independent politician|Kevin Taylor|None|7,122|13.5|-22.8
Warwick and Leamington|Labour Party |Matt Western|winning|23,975|48.7|+5.4
Warwick and Leamington|Conservative Party |James Uffindell|None|11,563|23.5|-17.6
Warwick and Leamington|Reform UK|Nigel Clarke|None|5,154|10.5|+9.1
Warwick and Leamington|Green Party of England and Wales|Hema YellaPragada|None|4,471|9.1|+6.2
Warwick and Leamington|Liberal Democrats |Louis Adam|None|3,881|7.9|-3.0
Warwick and Leamington|UKIP|Laurie Steele|None|154|0.3|+0.3
North Warwickshire and Bedworth|Liberal Democrats |Guy Burchett|None|||
North Warwickshire and Bedworth|Reform UK|Paul Hopkins|None|||0
North Warwickshire and Bedworth|Labour Party |Rachel Taylor |None|||0
North Warwickshire and Bedworth|Conservative Party |Craig Tracey|None|||0
North Warwickshire and Bedworth|Green Party of England and Wales|Alison Wilson|None|||
Meriden and Solihull East|Labour Party |Sarah Alan|None|12,208||0
Meriden and Solihull East|Conservative Party |Saqib Bhatti|None|16,792||0
Meriden and Solihull East|Reform UK|Malcolm Sedgley|None|8,753||0
Meriden and Solihull East|Green Party of England and Wales|Shesh Sheshabhatter|None|2,929||0
Meriden and Solihull East|Liberal Democrats |Sunny Virk|None|||0
Solihull West and Shirley|Conservative Party |Neil Shastri-Hurst|None|16,284|34.7|-26.2
Solihull West and Shirley|Labour Party |Deirdre  Fox|None|11,664|24.9|+5.4
Solihull West and Shirley|Liberal Democrats |Ade Adeyemo|None|7,916|16.9|+1.2
Solihull West and Shirley|Reform UK|Mary McKenna|None|7,149|15.3|+15.3
Solihull West and Shirley|Green Party of England and Wales|Max McLoughlin|None|3,270|7.0|+3.0
Solihull West and Shirley|Independent politician|Julian Knight |None|594|1.3|+1.3
Aldridge|Conservative Party |Wendy Morton|winning|15,901|38.8|
Aldridge|Labour Party |Luke Davies|None|11,670|28.5|
Aldridge|Reform UK|Graham Eardley|None|9,903|24.2|
Aldridge|Liberal Democrats |Ian Garrett|None|1,755|4.3|
Aldridge|Green Party of England and Wales|Clare Nash|None|4,231|10.3|
Coventry East |Workers Party of Britain|Paul Bedson|None|||
Coventry East |Labour Party |Mary Creagh|None|||
Coventry East |Green Party of England and Wales|Stephen Gray|None|||
Coventry East |Conservative Party |Sarah Lesadd|None|||
Coventry East |Liberal Democrats |Mike Massimi|None|||
Coventry East |Trade Unionist and Socialist Coalition |Dave Nellist|None|||
Coventry East |Reform UK|Iddrisu Sufyan|None|||
Dudley|Labour Party |Sonia Kumar|winning|12,215|34.1|+3.2
Dudley|Conservative Party |Marco Longhi|None|10,315||0
Dudley|Reform UK|Andrew Southall|None|9,442||0
Dudley|Green Party of England and Wales|Zia Qari|None|1,154||0
Dudley|Liberal Democrats |Ian Flynn |None|1,056||0
Dudley|Independent politician |Shakeela Bibi |None|857||0
Dudley|Workers Party of Britain |Aftab Hussain |None|621||0
Dudley|Independent politician|Dharmanand Mortha|None|||
Halesowen|Labour Party |Alex Ballinger|None|||0
Halesowen|Green Party of England and Wales|Emma Bullard|None|||0
Halesowen|Conservative Party |James Morris |None|||0
Halesowen|Reform UK|Jonathan Oakton|None|||0
Halesowen|Liberal Democrats |Ryan Priest|None|||
Smethwick|Independent politician|Jay Anandou|None|||
Smethwick|Trade Unionist and Socialist Coalition|Ravaldeep Bath|None|||
Smethwick|Reform UK|Pete Durnell|None|||
Smethwick|Conservative Party |Kate Fairhurst|None|||
Smethwick|Independent politician|Christopher Graham|None|||
Smethwick|Labour Party |Gurinder Josan|None|||
Smethwick|Green Party of England and Wales|Rod Macrorie|None|||
Smethwick|Liberal Democrats |Oliver Patrick|None|||
Smethwick|Workers Party of Britain|Nahim Rubani|None|||
Stourbridge|Liberal Democrats |Chris Bramall|None|||
Stourbridge|Labour Party |Cat Eccles|None|||
Stourbridge|Green Party of England and Wales|Stephen Price|None|||
Stourbridge|Workers Party of Britain|Mohammed Ramzan|None|||
Stourbridge|Reform UK|Richard Shaw|None|||
Stourbridge|Conservative Party |Suzanne Webb|None|||
Wolverhampton North East|Labour Party |Sureena Brackenridge|None|||
Wolverhampton North East|Conservative Party |Jane Stevenson |None|||
Wolverhampton North East|Green Party of England and Wales|Kwaku Tano-Yeboah|None|||
Wolverhampton North East|Liberal Democrats |Peter Thornton|None|||
Wolverhampton North East|Reform UK|Paul Williams|None|||
Wolverhampton South East|Green Party of England and Wales|Paul Darke|None|||
Wolverhampton South East|Reform UK|Carl Hardwick|None|||
Wolverhampton South East|Labour Party |Pat McFadden|None|||
Wolverhampton South East|Liberal Democrats |Bart Ricketts|None|||
Wolverhampton South East|Workers Party of Britain|Athar Warraich|None|||
Wolverhampton South East|Conservative Party |Victoria Wilson|None|||
Bromsgrove|Independent|Sam Ammar|None|||
Bromsgrove|Reform UK|Glen Brampton|None|||
Bromsgrove|Green Party of England and Wales|Talia Ellis|None|||
Bromsgrove|Labour Party |Neena Gill|None|||
Bromsgrove|Conservative Party |Bradley Thomas|None|||
Bromsgrove|Workers Party of Britain|Aheesha Zahir|None|||
Droitwich and Evesham|Reform UK|Sam Bastow|None|||0
Droitwich and Evesham|Social Democratic Party |Andrew Flaxman|None|||0
Droitwich and Evesham|Green Party of England and Wales|Neil Franks|None|||0
Droitwich and Evesham|Conservative Party |Nigel Huddleston|None|||0
Droitwich and Evesham|Labour Party |Chipiliro Kalebe-Nyamongo|None|||0
Droitwich and Evesham|Liberal Democrats |Oliver Walker |None|||
Redditch|Workers Party of Britain|Mohammed Amin|None|765|1.8|+1.8
Redditch|Reform UK|Julie Allison|None|8,516|20.1|+20.1
Redditch|Labour Party |Chris Bloore|None|14,810|34.9|+9.3
Redditch|Liberal Democrats |Andrew Fieldsend-Roxborough|None|2,165|5.1|-1.3
Redditch|Conservative Party |Rachel Maclean |None|14,021|33.1|-31.6
Redditch|Green Party of England and Wales|David Thain|None|2,098|5.0|+2.0
West Worcestershire|Conservative Party |Harriett Baldwin|None|||
West Worcestershire|Party of Women|Seonaid Barber|None|||
West Worcestershire|Liberal Democrats |Dan Boatright|None|||
West Worcestershire|Reform UK|Christopher Edmondson|None|||
West Worcestershire|Labour Party |Kash Haroon|None|||
West Worcestershire|Green Party of England and Wales|Natalie McVey|None|||
Worcester|Labour Party |Tom Collins |None|18,622|40.5|+3.0
Worcester|Conservative Party |Marc Bayliss|None|11,506|25.0|-25.8
Worcester|Reform UK|Andy Peplow|None|6,723|14.6|
Worcester|Green Party of England and Wales|Tor Pingree|None|4,789|10.4|+7.1
Worcester|Liberal Democrats |Mel Allcott|None|3,986|8.7|+1.5
Worcester|Trade Unionist and Socialist Coalition|Mark Davies|None|280|0.6|
Worcester|Social Democratic Party |Duncan Murray|None|130|0.3|
Wyre Forest|Green Party of England and Wales|John Davis|None|||
Wyre Forest|Conservative Party |Mark Garnier|None|||
Wyre Forest|Independent politician|Nigel Geary|None|||
Wyre Forest|Reform UK|Bill Hopkins|None|||
Wyre Forest|Liberal Democrats |Shazu Miah|None|||
Wyre Forest|Labour Party |Vicki Smith|None|||
Wyre Forest|Independent politician|Leigh Whitehouse|None|||
Wolverhampton West|Reform UK|Donald Brookes|None|||
Wolverhampton West|Green Party of England and Wales|Andrea Cantrill|None|||
Wolverhampton West|Workers Party of Britain|Vikas Chopra|None|||
Wolverhampton West|Independent Network|Celia Hibbert|None|||
Wolverhampton West|Liberal Democrats |Phillip Howells|None|||
Wolverhampton West|Labour Party |Warinder Juss|None|||
Wolverhampton West|Conservative Party |Mike Newton|None|||
Wolverhampton West|Independent politician|Zahid Shah|None|||
Coventry North West|Liberal Democrats |Tom Holder|None|||
Coventry North West|Conservative Party |Tom Mercer|None|||
Coventry North West|Reform UK|Holly-Mae Nelson|None|||
Coventry North West|Labour Party |Taiwo Owatemi|None|||
Coventry North West|Green Party of England and Wales|Esther Reeves|None|||
Coventry North West|Independent politician|Elizabeth Richards|None|||
Coventry South|Labour Party |Zarah Sultana|None|20361|47.6|+3.3
Coventry South|Conservative Party |Mattie Heaven|None|10160|23.8|-18.7
Coventry South|Reform UK|Chris Baddon|None|5711|13.4|+10.5
Coventry South|Liberal Democrats |Stephen Richmond|None|2531|5.9|-0.8
Coventry South|Green Party of England and Wales|Anne Patterson|None|2363|5.5|+2.9
Coventry South|Workers Party of Britain|Mohammed Syed|None|777|1.8|+1.8
Coventry South|Social Democratic Party |Alastair Mellon|None|334|0.8|+0.8
Coventry South|Independent Candidate|Niko Omilana|None|263|0.6|+0.6
Coventry South|Independent Candidate|Joshua Morland|None|||
Birmingham Hodge Hill and Solihull North|Labour Party |Liam Byrne|None|||
Birmingham Hodge Hill and Solihull North|Conservative Party |Caroline Clapper|None|||
Birmingham Hodge Hill and Solihull North|Liberal Democrats |Qasim Esak|None|||
Birmingham Hodge Hill and Solihull North|Workers Party of Britain|James Giles|None|||
Birmingham Hodge Hill and Solihull North|Green Party of England and Wales|Imran Khan|None|||
Birmingham Hodge Hill and Solihull North|Reform UK|Jamie Pullin|None|||
Birmingham Hall Green and Moseley|Independent politician|Shakeel Afsar|None|||
Birmingham Hall Green and Moseley|Green Party of England and Wales|Zain Ahmed|None|||
Birmingham Hall Green and Moseley|Labour Party |Tahir Ali|None|||
Birmingham Hall Green and Moseley|Independent politician|Mohammad Hafeez|None|||
Birmingham Hall Green and Moseley|Liberal Democrats |Izzy Knowles|None|||
Birmingham Hall Green and Moseley|Reform UK|Stephen McBrine|None|||
Birmingham Hall Green and Moseley|Conservative Party |Henry Morris|None|||
Birmingham Hall Green and Moseley|Independent politician|Babar Raja|None|||
Birmingham Edgbaston|Labour and Co-operative|Preet Gill|None|||
Birmingham Edgbaston|Liberal Democrats |Colin Green|None|||
Birmingham Edgbaston|Reform UK|Joshua Matthews|None|||
Birmingham Edgbaston|Green Party of England and Wales|Nicola Payne|None|||
Birmingham Edgbaston|Conservative Party |Ashvir Sangha|None|||
Birmingham Erdington|Independent politician|Dr Shaukat Ali|None|||
Birmingham Erdington|Liberal Democrats |Farzana Aslam|None|||
Birmingham Erdington|Reform UK|Jack Brookes|None|||
Birmingham Erdington|Labour Party |Paulette Hamilton|None|||
Birmingham Erdington|Conservative Party |Steve Knee|None|||
Birmingham Erdington|Green Party of England and Wales|Karen Trench|None|||
Birmingham Erdington|Trade Unionist and Socialist Coalition|Corinthia Ward|None|||
Birmingham Ladywood|Labour Party |Shabana Mahmood|winning|15,558|42.5|-40.5
Birmingham Ladywood||Akhmed Yakoob|None|12,137|33.2|+33.2
Birmingham Ladywood|Green Party of England and Wales|Zoe Challenor|None|3,478|9.5|+7.7
Birmingham Ladywood|Conservative Party |Shazna Muzammil|None|2,218|6.1|-3.7
Birmingham Ladywood|Liberal Democrats |Lee Dargue|None|1,711|4.7|+1.9
Birmingham Ladywood|Reform UK|Irene Yoong-Henery|None|3,421|9.35|-40.5
Birmingham Northfield|Labour Party |Laurence Turner |winning|14,929|39.6|-3.1
Birmingham Northfield|Liberal Democrats |Jerry Evans|None|1,791|4.8|+0.2
Birmingham Northfield|Green Party of England and Wales|Rob Grant|None|2,809|7.5|+5.3
Birmingham Northfield|Independent politician|Dean Gwilliam|None|163|0.4|+0.4
Birmingham Northfield|Independent politician|Altaf Hussain|None|310|0.8|+0.8
Birmingham Northfield|Reform UK|Stephen Peters|None|7,895|21.0|+17.2
Birmingham Northfield|The Common Good |Dick Rodgers|None|215|0.6|+0.6
Birmingham Northfield|Conservative Party |Gary Sambrook|None|||
Birmingham Perry Barr|Independent politician|Ayoub Khan |winning|13,303|35.5|
Birmingham Perry Barr|Labour Party |Khalid Mahmood |None|12,796|34.1|
Birmingham Perry Barr|Conservative Party |Garry Hickton|None|4,227|11.3|
Birmingham Perry Barr|Reform UK|Akshay Khuttan|None|2,446|6.5|
Birmingham Perry Barr|Green Party of England and Wales|Kefentse Dennis|None|2,440|6.5|
Birmingham Perry Barr|Liberal Democrats |Sabah Hamed|None|1,302|3.5|
Birmingham Perry Barr|Independent politician|Niko Omilana|None|509|1.4|
Birmingham Perry Barr|Socialist Labour Party |Shangara Singh|None|507|1.4|
Birmingham Selly Oak|Labour Party |Alistair Carns|None|17,371|45.2|
Birmingham Selly Oak|Conservative Party |Simon Phipps|None|5,834|15.2|
Birmingham Selly Oak|Reform UK|Erin Crawford|None|5,732|14.9|
Birmingham Selly Oak|Green Party of England and Wales|Jane Baston|None|4,320|11.2|
Birmingham Selly Oak|Independent|Kamel Hawwash|None|2,842|7.4|
Birmingham Selly Oak|Liberal Democrats |David Radcliffe|None|2,324|6.0|
Birmingham Yardley|Labour Party |Jess Phillips|winning|11,275|31.2|
Birmingham Yardley|Workers Party of Britain|Jody McIntyre|None|10,582|29.3|
Birmingham Yardley|Reform UK|Nora Kamberi|None|5,061|14.0|
Birmingham Yardley|Conservative Party |Yvonne Clements|None|3,634|10.1|
Birmingham Yardley|Liberal Democrats |Roger Harmer|None|3,634|10.1|
Birmingham Yardley|Green Party of England and Wales|Roxanne Green|None|693|1.9|
Sutton Coldfield|Conservative Party |Andrew Mitchell|winning|18,502|38.3|-22.1
Sutton Coldfield|Labour Party |Rob Pocock|None|15,959|33.0|+9.4
Sutton Coldfield|Reform UK|Mark Hoath|None|8,213|17.0|+17.0
Sutton Coldfield|Liberal Democrats |John Sweeney |None|2,587|5.4|-6.8
Sutton Coldfield|Green Party of England and Wales|Ben Auton|None|2,419|5.0|+1.1
Sutton Coldfield|Workers Party of Britain|Wajad Burkey|None|2,543|5.3|-31.5
North East Hertfordshire|Labour and Co-operative Party|Chris Hinchliff|winning|18,358|35.0|+11.3
North East Hertfordshire|Conservative Party |Nikki da Costa|None|16,435|31.3|-25.3
North East Hertfordshire|Reform UK|Steven Adelantado|None|8,462|16.1|+16.1
North East Hertfordshire|Liberal Democrats |Ruth Brown|None|5,463|10.4|-5.1
North East Hertfordshire|Green Party of England and Wales|Vicky Burt|None|3,802|7.2|+2.9
South West Hertfordshire|Conservative Party |Gagan Mohindra|winning|16,458|34.1|-18.1
South West Hertfordshire|Liberal Democrats |Sally Symington|None|12,002|24.9|+12.2
South West Hertfordshire|Labour Party |Alex Sufit|None|9,637|20.0|+3.9
South West Hertfordshire|Reform UK|Keith Steers|None|6,790|14.1|
South West Hertfordshire|Green Party of England and Wales|Narinder Sian|None|2,532|5.2|+3.7
South West Hertfordshire|Party of Women |Bernadette O'Malley|None|295|0.6|
South West Hertfordshire|Rejoin EU |Victor Silkin|None|232|0.5|
South West Hertfordshire|Social Democratic Party |Michael McGetrick|None|158|0.3|
South West Hertfordshire|UK Voice |Ketankumar Pipaliya|None|4456|9.23|-14.37
St Albans|Liberal Democrats |Daisy Cooper|winning|29,222|56.6|+6.7
St Albans|Conservative Party |James Spencer|None|9,388|18.2|-21.1
St Albans|Labour Party |Sophia Bhatti|None|5,189|10.1|+1.3
St Albans|Reform UK|John Dowdle|None|4,336|8.4|+8.4
St Albans|Green Party of England and Wales|Simon Grover|None|3,272|6.3|+4.6
St Albans|Heritage Party |Dafydd Morriss|None|104|0.2|0.2
St Albans|Social Democratic Party |Stewart Satterly|None|103|0.2|+0.2
Hertford and Stortford|Reform UK|John Burmicz|None|8,325|15.4|
Hertford and Stortford|Liberal Democrats |Helen Campbell|None|4,167|7.7|-6.5
Hertford and Stortford|Green Party of England and Wales|Nick Cox|None|4,373|8.1|+3.5
Hertford and Stortford|Labour Party |Josh Dean |None|20,808|38.5|+14.8
Hertford and Stortford|Alliance for Democracy and Freedom|Jane Fowler|None|139|0.3|
Hertford and Stortford|Heritage Party |Barry Hensall|None|137|0.3|
Hertford and Stortford|Conservative Party |Julie Marson|None|4748|8.8|
Hertsmere|Conservative Party |Oliver Dowden|winning|21,451|44.7|-20.2
Hertsmere|Labour Party |Josh Tapper|None|13,459|28.0|+6.9
Hertsmere|Reform UK|Darren Selkus|None|6,584|13.7|+13.7
Hertsmere|Liberal Democrats |Emma Matanle|None|3,710|7.7|-3.2
Hertsmere|Green Party of England and Wales|John Humphries|None|2,267|4.7|+1.6
Hertsmere|Independent politician|Ray Bolster|None|7,992|16.6|-24.2
Broxbourne|Liberal Democrats |Nick Belfitt|None|2,688|6.3|-2.7
Broxbourne|Green Party of England and Wales|Owen Brett|None|2,461|5.7|+2.9
Broxbourne|Conservative Party |Lewis Cocking|None|15,810|36.8|-27.4
Broxbourne|Labour Party |Catherine Deakin|None|12,952|30.2|+6.2
Broxbourne|English Constitution Party|Brett Frewin|None|87|0.2|+0.2
Broxbourne|UK Independence Party|Martin Harvey|None|172|0.4|+0.4
Broxbourne|Reform UK|Tom Holdsworth|None|2,858|6.6|-35.8
Watford|Green Party of England and Wales|Arran Bowen-la Grange|None|2,428|5.5|+5.2
Watford|Workers Party of Britain|Khalid Mahmood Chohan|None|2,659|6.0|+6.0
Watford|Heritage Party |Sarah Knott|None|168|0.4|+0.4
Watford|Reform UK|Gary Ling|None|4,930|11.1|+11.1
Watford|Conservative Party |Dean Russell|None|10,985|24.7|-17.3
Watford|Liberal Democrats |Ian Stotesbury|None|7,577|17.0|-0.7
Watford|Labour Party |Matt Turmaine|winning|15,708|35.3|-4.0
Hemel Hempstead|Conservative Party |Andrew Williams|None|11,987|27.2|-27.8
Hemel Hempstead|Reform UK|Noel Willcox|None|7,689|17.4|+17.4
Hemel Hempstead|Liberal Democrats |Sammy Barry-Mears|None|5,096|11.6|+0.2
Hemel Hempstead|Green Party of England and Wales|Sherief Hassan|None|4,857|11.01|-17.39
Stevenage|Labour Party |Kevin Bonavia'''|None|17,698|41.4|+6.2
Stevenage|Conservative Party |Alex Clarkson|None|11,080|25.9|-27.2
Stevenage|Reform UK|Peter Hopper|None|7,667|17.9|+17.9
Stevenage|Liberal Democrats |Lisa Nash|None|3,467|8.1|-0.6
Stevenage|Green Party of England and Wales|Paul Dawson|None|2,655|6.2|+3.1
Stevenage|Christian Peoples Alliance|Joshua Smith|None|6,618|15.5|
Harpenden and Berkhamsted|Liberal Democrats |Victoria Collins|winning|27,282|50.2|+24.9
Harpenden and Berkhamsted|Conservative Party |Nigel Gardner|None|16,574|30.5|-21.8
Harpenden and Berkhamsted|Reform UK|Saba Poursaeedi|None|4,245|7.8|+7.8
Harpenden and Berkhamsted|Labour Party |Zara Layne|None|4,061|7.5|-3.1
Harpenden and Berkhamsted|Green Party of England and Wales|Paul de Hoest|None|1,951|3.6|+2.0
Harpenden and Berkhamsted|Social Democratic Party |Mark Patten|None|10,708|19.70|
Welwyn Hatfield|Labour Party |Andrew Lewin|winning|19,877|41.0|9.3
Welwyn Hatfield|Conservative Party |Grant Shapps|None|16,078|33.2|-19.3
Welwyn Hatfield|Reform UK|Jack Aaron|None|6,397|13.2|
Welwyn Hatfield|Liberal Democrats |John Munro|None|3,117|6.4|-6.3
Welwyn Hatfield|Green Party of England and Wales|Sarah Butcher|None|2,986|6.2|3.1
Hitchin|Conservative Party |Bim Afolami|None|||
Hitchin|Reform UK|Charles Bunker|None|||
Hitchin|Christian Peoples Alliance|Sid Cordle|None|||
Hitchin|Green Party of England and Wales|Will Lavin|None|||
Hitchin|Liberal Democrats |Chris Lucas|None|||
Hitchin|Labour Party |Alistair Strathern|None|||
South Derbyshire|Liberal Democrats |Lucy Care|None|||
South Derbyshire|Green Party of England and Wales|Aruhan Galieva|None|||
South Derbyshire|Socialist Labour Party |Paul Liversuch|None|||
South Derbyshire|Labour Party |Samantha Niblett|None|||
South Derbyshire|Reform UK|Job West|None|||
South Derbyshire|Conservative Party |Heather Wheeler|None|||
South Derbyshire|Independent|Amy Wheelton|None|||
Amber Valley|Labour Party |Linsey Farnsworth|winning|15,746|37.0|
Amber Valley|Reform UK|Alex Stevenson|None|12,192|28.7|
Amber Valley|Conservative Party |Nigel Mills|None|10,725|25.2|
Amber Valley|Green Party of England and Wales|Matt McGuinness|None|2,278|5.4|
Amber Valley|Liberal Democrats |Kate Smith|None|3,554|8.3|
Bolsover |Labour Party |Natalie Fleet|winning|17,197|40.5|
Bolsover |Conservative Party |Mark Fletcher |None|10,874|25.6|
Bolsover |Reform UK|Robert Reaney|None|9,131|21.5|
Bolsover |Green Party of England and Wales|David Kesteven|None|3,754|8.8|
Bolsover |Liberal Democrats |David Hancock|None|6,323|14.9|
High Peak|Green Party of England and Wales|Joanna Collins|None|||
High Peak|Reform UK|Catherine Cullen|None|||
High Peak|Liberal Democrats |Peter Hirst|None|||
High Peak|Conservative Party |Robert Largan|None|||
High Peak|Labour Party |Jon Pearce |None|||
Mid Derbyshire|Labour Party |Jonathan Davies |None|17,346|36.5|+9.5
Mid Derbyshire|Reform UK|Stephen Dean|None|8,356|17.6|+17.6
Mid Derbyshire|Conservative Party |Luke Gardiner|None|15,468|32.5|-27.1
Mid Derbyshire|Liberal Democrats |Barry Holliday|None|2,361|5.0|-4.6
Mid Derbyshire|Green Party of England and Wales|Gez Kinsella|None|3,547|7.5|+3.6
Mid Derbyshire|Workers Party of Britain|Josiah Uche|None|150|0.3|+0.3
Mid Derbyshire|Independent|Sue Warren|None|||
North East Derbyshire |Labour Party |Louise Jones |winning|17,591|38.4|+6.1
North East Derbyshire |Conservative Party |Lee Rowley|None|15,838|34.5|-23.9
North East Derbyshire |Reform UK |Andy Egginton|None|7,899|17.2|+16.7
North East Derbyshire |Green Party of England and Wales |Frank Adlington-Stringer|None|2,271|5|+2.3
North East Derbyshire |Liberal Democrats |Ross Shipman|None|2,159|4.7|-1.4
North East Derbyshire |Freedom Alliance|Wesley Massumbukolt |None|||
Chesterfield |Labour Party |Toby Perkins|winning|19,316|46.5|+6.3
Chesterfield |Conservative Party |Ben Flook|None|8,496|20.4|
Chesterfield |Reform UK|Dan Price|None|7,897|19.0|+8.4
Chesterfield |Green Party of England and Wales|David Wadsworth |None|2,682|6.5|+4.0
Chesterfield |Liberal Democrats |Ian Barfield|None|2,553|6.1|
Chesterfield |Chesterfield and North Derbyshire Independent |Kris Stone|None|363|0.9|+0.9
Chesterfield |Workers Party of Britain|Julie Lowe|None|10,820|26.1|+22.9
Derby North |Labour Party |Catherine Atkinson|None|||
Derby North |Green Party of England and Wales|Helen Hitchcock|None|||
Derby North |Reform UK|Tim Prosser |None|||
Derby North |Conservative Party |Amanda Solloway|None|||
Derby North |Liberal Democrats |John Sweeney|None|||
Derby South|Labour and Co-operative|Baggy Shanker|winning|14,503|38.8|
Derby South|Reform UK|Alan Graves|None|8,501|22.7|+16.9
Derby South|Workers Party of Britain|Chris Williamson |None|5,205|13.9|+13.9
Derby South|Conservative Party |Jamie Mulhall|None|5,192|13.9|
Derby South|Green Party of England and Wales|Sam Ward|None|1,889|5.1|+5.1
Derby South|Liberal Democrats |Joe Naitta|None|1,807|4.8|
Derby South|Independent politician|Zephyr Tair|None|6,002|16.1|+0.9
North West Leicestershire|Labour Party |Amanda Hack|winning|16,871|34.7|+9.3
North West Leicestershire|Conservative Party |Craig Smith|None|15,859|32.7|-29.4
North West Leicestershire|Reform UK|Noel Matthews|None|9,678|19.9|
North West Leicestershire|Green Party of England and Wales|Carl Benfield|None|2,831|5.8|+1.1
North West Leicestershire|Liberal Democrats |Alice Delemare|None|1,629|3.4|-3.4
North West Leicestershire|Independent politician|Andrew Bridgen|None|1,568|3.2|
North West Leicestershire||Siobhan Dillon|None|||
Hinckley and Bosworth|Reform UK|Peter Cheshire|None|||
Hinckley and Bosworth|Conservative Party |Luke Evans |None|||
Hinckley and Bosworth|Independent politician|Harry Masters|None|||
Hinckley and Bosworth|Liberal Democrats |Michael Mullaney|None|||
Hinckley and Bosworth|Labour Party |Rebecca Pawley|None|||
Hinckley and Bosworth|Green Party of England and Wales|Cassie Wells|None|||
Harborough|Conservative Party |Neil O'Brien|None|18614|37|
Harborough|Labour Party |Hajira Piranie|None|16236|32|
Harborough|Reform UK|Danuta Jeeves|None|6332|13|
Harborough|Liberal Democrats |Phil Knowles|None|4732|9|
Harborough|Green Party of England and Wales|Darren Woodiwiss|None|4269|8|
Harborough|Social Democratic Party |Robin Lambert|None|||
Leicester East|Conservative Party |Shivani Raja|winning|14,526|31.1|
Leicester East|Labour Party |Rajesh Agrawal|None|10,100|21.6|
Leicester East|Liberal Democrats |Zuffar Haq|None|6,329|13.5|+7.9
Leicester East||Claudia Webbe|None|5,532|11.8|
Leicester East|One Leicester|Keith Vaz|None|3,681|7.9|
Leicester East|Reform UK|Raj Solanki|None|2,611|5.6|+3.1
Leicester East|Green Party of England and Wales|Mags Lewis|None|2,143|4.6|+2.8
Leicester East|Independent politician|Malihah Adam|None|974|2.1|
Leicester East|Independent politician|Nagarjun Agath|None|703|1.5|
Leicester East|Independent politician|Khandu Patel|None|115|0.2|
Leicester West|Labour Party |Liz Kendall|winning|15,798|44.6|
Leicester West|Conservative Party |Max Chauhan|None|7,021|19.8|
Leicester West|Reform UK|Ian Hayes|None|5,666|16.0|+11.5
Leicester West|Green Party of England and Wales|Aasiya Bora|None|4|11.6|+8.8
Leicester West|Liberal Democrats |Benjamin Feist|None|2,179|6.2|
Leicester West|One Leicester|Rahoul Naik|None|327|0.9|+0.9
Leicester West|Trade Unionist and Socialist Coalition|Steve Score|None|8,777|24.8|+12.7
Loughborough|Conservative Party |Jane Hunt |None|||
Loughborough|Reform UK|Andy McWilliam|None|||
Loughborough|Labour Party |Jeevun Sandher|None|||
Loughborough|Liberal Democrats |Ian Sharpe|None|||
Loughborough|Green Party of England and Wales|Hans Zollinger|None|||
South Leicestershire|Conservative Party |Alberto Costa |None|||
South Leicestershire|Liberal Democrats |Paul Hartshorn|None|||
South Leicestershire|Green Party of England and Wales|Mike Jelfs|None|||
South Leicestershire|Labour Party |Robert Parkinson|None|||
Leicester South|Independent|Shockat Adam|winning|14,739|35.2|
Leicester South|Labour Party |Jonathan Ashworth|None|13,760|32.9|
Leicester South|Conservative Party |Gerri Hickton|None|4,820|11.5|
Leicester South|Green Party of England and Wales|Sharmen Rahman|None|3,826|9.1|+5.8
Leicester South|Reform UK|Craig Harwood|None|2,470|5.9|+3.6
Leicester South|Liberal Democrats |Carol Weaver|None|1,425|3.4|
Leicester South|Independent|Osman Admani|None|339|0.8|
Leicester South|Communist Party of Britain|Ann Green|None|279|0.7|
Leicester South|Official Monster Raving Loony Party|Ezechiel Adlore |None|189|0.5|
Melton and Syston|Conservative Party |Edward Argar|None|17,526|38.1|-25.2
Melton and Syston|Labour Party |Zafran Khan|None|12,130|26.4|+2.9
Melton and Syston|Reform UK|Peter Morris|None|8,945|19.5|+19.5
Melton and Syston|Green Party of England and Wales|Alastair McQuillan|None|3,685|8.0|+2.5
Melton and Syston|Liberal Democrats |Andy Konieczko|None|2,547|5.5|-2.2
Melton and Syston|Independent politician|Marilyn Gordon|None|517|1.1|+1.1
Melton and Syston|Alliance for Democracy and Freedom|Teck Khong|None|5,396||
Mid Leicestershire|Conservative Party |Peter Bedford|None|||
Mid Leicestershire|Liberal Democrats |Ian Bradwell|None|||
Mid Leicestershire|Green Party of England and Wales|Tony Deakin|None|||
Mid Leicestershire|Labour Party |Robert Martin|None|||
Mid Leicestershire|Reform UK|Tom Smith|None|||
Rutland and Stamford |Green Party of England and Wales |Emma Louise Baker|None|2,806|5.8|+2.2
Rutland and Stamford |Rejoin EU|Joanna Burrows|None|409|0.8|+0.8
Rutland and Stamford |Reform UK|Chris Clowes|None|7,008|14.4|+14.4
Rutland and Stamford |Conservative Party |Alicia Kearns|None|21,248|43.7|-19.6
Rutland and Stamford |Liberal Democrats |James Moore|None|6,252|12.9|-2.9
South Holland and the Deepings|Conservative Party |John Hayes |winning|17,462|38.0|
South Holland and the Deepings|Reform UK|Matthew Swainson|None|10,606|23.1|
South Holland and the Deepings|Labour Party |Paul Hilliar|None|9,086|19.8|
South Holland and the Deepings|Independent |Mark Le Sage|None|5,031|10.9|
South Holland and the Deepings|Liberal Democrats |Jack Braginton|None|1,945|4.2|
South Holland and the Deepings|Green Party of England and Wales|Rhys Baker|None|6,856||
Louth and Horncastle|Conservative and Unionist Party |Victoria Atkins|winning|17,441|37.5|-35.0
Louth and Horncastle|Reform UK|Sean Matthews|None|11,935|25.7|
Louth and Horncastle|Labour Party |Jonathan Slater|None|10,475|22.5|+4.8
Louth and Horncastle|Green Party of England and Wales|Robert Watson|None|2,504|5.4|
Louth and Horncastle|Liberal Democrats |Ross Pepper|None|2,364|5.1|-2.7
Louth and Horncastle|Independent politician|Paul Hugill|None|1,359|2.9|
Louth and Horncastle|Official Monster Raving Loony Party|Iconic Arty-Pole|None|309|0.7|-1.3
Louth and Horncastle|Social Democratic Party |Marcus Moorehouse|None|5,506|11.8|-43.4
Sleaford and North Hykeham |Conservative Party |Caroline Johnson|None|17,348|35.7|-30.8
Sleaford and North Hykeham |Labour Party |Hanif Khan|None|13,002|26.8|+8.2
Sleaford and North Hykeham |Reform UK|Ben Jackson|None|10,484|21.6|+21.6
Sleaford and North Hykeham |Lincolnshire Independents|Robert Arthur Oates|None|3,032|6.2|+3.1
Sleaford and North Hykeham |Green Party of England and Wales|Martin Blake|None|2,435|5.0|+2.6
Sleaford and North Hykeham |Liberal Democrats |Matthew Winnington|None|4,346|8.9|
Lincoln|Labour Party |Hamish Falconer|winning|18470|43.8|+2.8
Lincoln|Conservative Party |Karl McCartney|None|9677|23.0|-24.9
Lincoln|Reform UK|Jamie-Lee McMillan|None|7602|18.0|+15.9
Lincoln|Green Party of England and Wales|Sally Horscroft|None|2751|6.5|+4.1
Lincoln|Liberal Democrats |Clare Smalley|None|2580|6.1|+1.3
Lincoln|Workers Party of Britain|Linda Richardson|None|479|1.1|
Lincoln|Liberal Party |Charles Shaw|None|278|0.7|+0.1
Lincoln|Independent politician|Laura Ashby|None|243|0.6|
Lincoln|Social Democratic Party |Craig Marshall|None|8793||
Grantham and Bourne|Conservative Party |Gareth Davies |None|16,770|36.4|-29.4
Grantham and Bourne|Labour Party |Vipul Bechar|None|12,274|26.6|+6.6
Grantham and Bourne|Reform UK|Mike Rudkin|None|9,393|20.4|+20.4
Grantham and Bourne|Green Party of England and Wales|Anne Gayfer|None|2,570|5.6|+1.3
Grantham and Bourne|Liberal Democrats |John Vincent|None|2,027|4.4|-4.6
Grantham and Bourne|Independent politician|Ian Selby|None|1,642|3.6|+3.6
Grantham and Bourne|Lincolnshire Independents|Charmaine Morgan|None|1,245|2.7|+1.8
Grantham and Bourne|Social Democratic Party |Alexander Mitchell|None|||
Kettering |Alliance for Democracy and Freedom|Jehad Soliman Aburamadan|None|62|0.1|+0.1
Kettering |Reform UK|Crispian George Besley|None|8468|16.9|+16.9
Kettering |Green Party of England and Wales|Emily Fedorowycz|None|7004|13.9|+10.9
Kettering |Independent|Jim Hakewill|None|1057|2.1|-1.1
Kettering |Conservative Party |Philip Hollobone|None|14189|28.2|-32.1
Kettering |Social Democratic Party |Matthew Murphy|None|85|0.2|+0.2
Kettering |Liberal Democrats |Sarah Ryan|None|1357|2.7|-4.0
Kettering |Labour Party |Rosie Wrighting|None|3900||
Northampton North|Labour Party |Lucy Rigby|winning|18,209|43.5|+1.4
Northampton North|Conservative Party |Dan Bennett|None|9,195|22.0|-27.8
Northampton North|Reform UK|Antony Antoniou|None|7,010|16.8|+16.8
Northampton North|Green Party of England and Wales|Eishar Bassan|None|2,558|6.1|+3.6
Northampton North|Liberal Democrats |Chris Leggett|None|2,251|5.4|-0.3
Northampton North|Workers Party of Britain|Khalid Razzaq|None|1,531|3.7|+3.7
Northampton North|Independent politician|Paul Clark|None|1,059|2.5|+2.5
Northampton South|Labour Party |Mike Reader|winning|16,890|38.5|+7.6
Northampton South|Conservative Party |Andrew Lewer|None|12,819|29.2|-28.6
Northampton South|Reform UK|Anthony Owens|None|8,210|18.7|+18.7
Northampton South|Liberal Democrats |Jill Hope|None|3,193|7.3|-0.6
Northampton South|Green Party of England and Wales|Simon Sneddon|None|2,398|5.5|+2.1
Northampton South|TUSC|Katie Simpson|None|296|0.7|+0.7
Northampton South|Climate Party|Penelope Tollitt|None|4,071|9.3|
South Northamptonshire|Conservative Party |Sarah Bool'''|None|19,191|35.7|-27.5
South Northamptonshire|Labour Party |Rufia Ashraf |None|15,504|28.9|+8.1
South Northamptonshire|Reform UK|Paul Hogan |None|8,962|16.7|+16.7
South Northamptonshire|Liberal Democrats |Stewart Tolley|None|4,989|9.3|-1.8
South Northamptonshire|Green Party of England and Wales|Emmie Williamson|None|3,040|5.7|+1.9
South Northamptonshire|Independent politician|Ian McCord|None|1,556|2.9|+2.9
South Northamptonshire|Workers Party of Britain|Mick Stott|None|246|0.5|+0.5
South Northamptonshire|Independent politician|Stuart Robert|None|3,687|6.8|
Daventry|Conservative Party |Stuart Andrew|winning|17872|33.7|-30.8
Daventry|Labour Party |Marianne Kimani|None|14,680|28.0|+8.9
Daventry|Reform UK|Scott Cameron|None|10,636|20.0|+20.0
Daventry|Liberal Democrats |Jonathan Harris|None|6,755|12.7|+0.4
Daventry|Green Party of England and Wales|Clare Slater|None|2,959|5.6|+1.0
Corby and East Northamptonshire |Labour Party |Lee Barron |None|21,020|42.4|3.9
Corby and East Northamptonshire |Independent politician|Karen Blott |None|422|0.9|
Corby and East Northamptonshire |Green Party of England and Wales|Lee Forster|None|2,507|5.1|
Corby and East Northamptonshire |Liberal Democrats |Chris Lofts|None|2,191|4.4|-2.4
Corby and East Northamptonshire |Reform UK|Edward McDonald |None|8,760|17.7|
Corby and East Northamptonshire |Conservative Party |Tom Pursglove|None|6,331||
Wellingborough and Rushden |Social Democratic Party |Jeremy Brittin|None|273|0.6|-
Wellingborough and Rushden |Conservative Party |David Goss|None|12,248|27.9|-34.5
Wellingborough and Rushden |Reform UK|Ben Habib|None|9,456|21.5|-
Wellingborough and Rushden |Labour Party |Gen Kitchen|None|17,734|40.3|+12.1
Wellingborough and Rushden |Green Party of England and Wales|Paul Mannion|None|2,704|6.2|+3.4
Wellingborough and Rushden |Liberal Democrats |Christopher Townsend|None|5,486|13|
Nottingham East|Workers Party of Britain |Issan Ghazni|None|||
Nottingham East|Independent politician |Ali Khan|None|||
Nottingham East|Conservative Party |Johno Lee|None|||
Nottingham East|Green Party of England and Wales|Rosey Palmer|None|||
Nottingham East|Liberal Democrats |Anita Prabhaker|None|||
Nottingham East|Independent politician |Naveed Rashid|None|||
Nottingham East|Reform UK|Debbie Stephens|None|||
Nottingham East|Labour Party |Nadia Whittome|None|||
Newark|Green Party of England and Wales|Michael Ackroyd|None|||
Newark|Labour Party |Saj Ahmad|None|||
Newark|Independent Network|Adrian Amer|None|||
Newark|English Democrats|Matthew Darrington|None|||
Newark|Independent politician|Lyn Galbraith|None|||
Newark|Conservative Party|Robert Jenrick|None|||
Newark|Reform UK|Robert Palmer|None|||
Newark|Workers Party of Britain|Collan Siddique|None|||
Newark|Liberal Democrats |David Watts|None|||
Bassetlaw|Labour Party |Jo White |winning|18,476|41.2|
Bassetlaw|Conservative Party |Brendan Clarke-Smith|None|12,708|28.3|
Bassetlaw|Reform UK|Frank Ward|None|9,751|21.7|
Bassetlaw|Liberal Democrats |Helen Tamblyn-Saville|None|1,996|4.5|
Bassetlaw|Green Party of England and Wales|Rachel Reeves|None|5,768|12.9|
Broxtowe |Labour Party |Juliet Campbell |None|||
Broxtowe |Liberal Democrats |James Collis |None|||
Broxtowe |Independent politician|Dr John Doddy |None|||
Broxtowe |Conservative Party |Darren Henry|None|||
Broxtowe |Green Party of England and Wales|Teresa Needham |None|||
Broxtowe |Reform UK|Joseph Oakley |None|||
Broxtowe |Workers Party of Britain|Masqood Syed |None|||
Gedling|Green Party of England and Wales|Dominic Berry|None|||
Gedling|Reform UK|Simon Christy|None|||
Gedling|Liberal Democrats |Tad Jones|None|||
Gedling|Independent politician|Irenea Marriott|None|||
Gedling|Labour Party |Michael Payne|None|||
Gedling|Conservative Party |Tom Randall |None|||
Mansfield|Independent politician|Zen Bilas|None|||
Mansfield|Conservative Party |Ben Bradley |None|||
Mansfield|Socialist Labour Party |Peter Dean|None|||
Mansfield|Independent politician|Wesley Milligan|None|||
Mansfield|Trade Unionist and Socialist Coalition|Karen Seymour|None|||
Mansfield|Green Party of England and Wales|Philip Shields|None|||
Mansfield|Reform UK|Matthew Warnes|None|||
Mansfield|Liberal Democrats |Michael Wyatt|None|||
Mansfield|Labour Party |Steve Yemm|None|||
Nottingham South|Independent politician|Shaghofta Akhtar|None|||
Nottingham South|Workers Party of Britain|Paras Ghazni|None|||
Nottingham South|Labour Party |Lilian Greenwood|None|||
Nottingham South|Reform UK|Mykel Hedge|None|||
Nottingham South|Liberal Democrats |Christina Morgan-Danvers|None|||
Nottingham South|Conservative Party |Zarmeena Quraishi|None|||
Nottingham South|Independent politician|Mohammed Sayeed|None|||
Nottingham South|Green Party of England and Wales|Cath Sutherland|None|||
Ashfield|Reform UK|Lee Anderson |winning|17,062|42.8|+37.8
Ashfield|Labour Party |Rhea Keehn|None|11,553|29.0|+3.4
Ashfield|Ashfield Independents|Jason Zadrozny|None|6,276|15.7|-11.2
Ashfield|Conservative Party |Debbie Soloman|None|3,271|8.2|-31.0
Ashfield|Green Party of England and Wales|Alexander Coates|None|1,100|2.8|+1.5
Ashfield|Liberal Democrats |Daniel Holmes|None|5,509|13|
Rushcliffe |Labour Party |James Naish|winning|25,291|43.8|+8.8
Rushcliffe |Conservative Party |Ruth Edwards|None|17,865|30.9|+16.4
Rushcliffe |Reform UK|James Grice|None|6,353|11.0|+11.0
Rushcliffe |Green Party of England and Wales|Richard Mallender|None|4,367|7.6|+7.6
Rushcliffe |Liberal Democrats |Greg Webb|None|3,133|5.4|-10.6
Rushcliffe |Independent politician|Lynn Irving|None|549|1.0|+1.0
Rushcliffe |Independent politician|Harbant Sehra|None|186|0.3|+0.3
Nottingham North and Kimberley|Green Party of England and Wales|Samuel Harvey|None|3,351|9.6|+7.1
Nottingham North and Kimberley|Conservative Party |Caroline Henry|None|6,787|19.4|-20.8
Nottingham North and Kimberley|Reform UK|Golam Kadiri |None|7,053|20.1|+14.5
Nottingham North and Kimberley|Labour and Co-operative Party |Alex Norris |None|16,480|47.1|+1.1
Nottingham North and Kimberley|Liberal Democrats |David Schmitz |None|||
Sherwood Forest|Liberal Democrats |David Dobbie|None|||
Sherwood Forest|Reform UK|Helen O'Hare|None|||
Sherwood Forest|Conservative Party |Mark Spencer |None|||
Sherwood Forest|Independent politician|Jeremy Spry|None|||
Sherwood Forest|Independent politician|Lee Waters|None|||
Sherwood Forest|Labour Party |Michelle Welsh|None|||
Redcar|Labour and Co-operative|Anna Turley|winning|15,663|41.0|+4.4
Redcar|Conservative Party |Jacob Young |None|12,340|32.3|-15.2
Redcar|Reform UK|John Davies|None|7,216|18.9|+12.4
Redcar|Liberal Democrats |Chris Jones|None|1,542|4.0|-0.8
Redcar|Green Party of England and Wales|Ruth Hatton|None|1,270|3.3|+1.7
Redcar|Social Democratic Party |Gary Conlin|None|3,323|8.7|
Middlesbrough and Thornaby East|Labour Party |Andy McDonald |winning|16,238|47.2|-6.8
Middlesbrough and Thornaby East|Reform UK|Patrick Seargeant|None|7,046|20.5|+14.3
Middlesbrough and Thornaby East|Conservative Party |Kiran Fothergill|None|6,174|17.9|-6.4
Middlesbrough and Thornaby East|Workers Party of Britain|Mehmoona Ameen|None|2,007|5.8|+5.8
Middlesbrough and Thornaby East|Green Party of England and Wales|Matthew Harris|None|1,522|4.4|+2.9
Middlesbrough and Thornaby East|Liberal Democrats |Mo Waqas|None|1,037|3.0|+0.4
Middlesbrough and Thornaby East|Independent politician|Mark Baxtrem|None|9,192||
Stockton West|Liberal Democrats |Nigel Frederick Boddy|None|1,203|2.5|-1.9
Stockton West|Independents for Direct Democracy|Monty Brack|None|45|0.1|+0.1
Stockton West|Independent|Vivek Chhabra|None|106|0.2|+0.2
Stockton West|Labour Party |Wes Streeting |None|18,233|37.5|+3.6
Stockton West|Reform UK|Stephen Matthews|None|6,833|14.0|+9.3
Stockton West|Independent|Niko Omilana|None|106|0.2|+0.2
Stockton West|Green Party of England and Wales|Anna-Maria Toms|None|1,477|3.0|+2.5
Stockton West|Conservative Party |Matt Vickers|None|20,372|41.9|-14.6
Stockton West|Independent|Mohammed Zaroof|None|48,765|70|-4.40
Stockton North|Labour Party |Chris McDonald |winning|17,128|45.8|-0.9
Stockton North|Reform UK|John McDermottroe|None|9,189|24.6|+15.6
Stockton North|Conservative Party |Niall Innes|None|8,028|21.5|-16.0
Stockton North|Green Party of England and Wales|Sam Bradford|None|1,923|5.1|+5.1
Stockton North|Liberal Democrats |Jo Barton|None|1,133|3.0|-1.0
Hartlepool|Labour Party |Jonathan Brash|winning|16,414|46.2|+8.5
Hartlepool|Reform UK|Amanda Napper|None|8,716|24.5|-1.3
Hartlepool|Conservative Party |Jill Mortimer|None|7,767|21.9|-7.0
Hartlepool|Independent politician|Sam Lee|None|895|2.5|
Hartlepool|Green Party of England and Wales|Jeremy Spyby-Steanson|None|834|2.3|
Hartlepool|Liberal Democrats |Peter Maughan|None|572|1.6|-2.5
Hartlepool|Workers Party of Britain|Thomas Dudley|None|248|0.7|
Hartlepool|Heritage Party |Vivienne Neville|None|7,698|21.7|
Blaydon and Consett|Labour Party |Liz Twist|None|21,160|50.1|+6.1
Blaydon and Consett|Reform UK|David Ayre|None|10,007|23.7|+14.0
Blaydon and Consett|Green Party of England and Wales|Richard Simpson|None|2,589|6.1|+3.1
Blaydon and Consett|Liberal Democrats |Vicky Anderson|None|2,273|5.4|+0.8
Blaydon and Consett|Social Democratic Party |Paul Topping|None|||
City of Durham |Reform UK|Mark Belch|winning|7,374|18.2|+11.6
City of Durham |Liberal Democrats |Mark Wilkes|None|5,920|14.6|-2.3
City of Durham |Conservative Party |Luke Holmes|None|5,221|12.9|-19.0
City of Durham |Green Party of England and Wales|Jonathan Elmer|None|2,803|6.9|+3.6
City of Durham |Social Democratic Party |Sarah Welbourne|None|11,757|28.9|+5.4
Darlington|Labour Party |Lola McEvoy|winning|16,621|39.2|+0.3
Darlington|Conservative Party |Peter Gibson |None|14,323|33.8|-15.9
Darlington|Reform UK|Michael Walker|None|6,852|16.2|+12.6
Darlington|Green Party of England and Wales|Matthew Snedker|None|2,847|6.7|+4.2
Darlington|Liberal Democrats |Simon Thorley|None|2,298|5.4|
Easington|Green Party of England and Wales|Stephen Ashfield|winning|1,173|3.4|+3.1
Easington|Liberal Democrats |Tony Ferguson|None|6,542|19.1|+14.6
North Durham|Labour Party |Luke Akehurst|winning|16,562|39.8|-3.9
North Durham|Reform UK|Andrew Husband|None|10,689|25.7|+15.0
North Durham|Conservative Party |George Carter|None|6,492|15.6|-18.8
North Durham|Green Party of England and Wales|Sunny Moon-Schott|None|2,366|5.7|+3.1
North Durham|Workers Party of Britain|Chris Bradburn|None|928|2.2|
North Durham|Social Democratic Party |Tom Chittenden|None|320|0.8|
Newton Aycliffe and Spennymoor|Transform |Brian Agar|None|||
Newton Aycliffe and Spennymoor|Liberal Democrats |Anne-Marie Curry|None|||
Newton Aycliffe and Spennymoor|Green Party of England and Wales|Jack Hughes|None|||
Newton Aycliffe and Spennymoor|Conservative Party |Paul Howell |None|||
Newton Aycliffe and Spennymoor|Labour Party |Alan Strickland|None|||
Newton Aycliffe and Spennymoor|Workers Party of Britain|Minhajul Suhon|None|||
Cramlington and Killingworth|Labour and Co-operative |Emma Foody|winning|22,274|49.1|+4.7
Cramlington and Killingworth|Reform UK|Gordon Fletcher|None|9,454|20.8|+12.8
Cramlington and Killingworth|Conservative Party |Ian Levy|None|8,592|18.9|-21.0
Cramlington and Killingworth|Green Party of England and Wales|Ian Jones|None|2,144|4.7|+2.2
Cramlington and Killingworth|Liberal Democrats |Thom Campion|None|1,898|4.2|-1.0
Cramlington and Killingworth|Independent|Scott Lee|None|573|1.3|
Cramlington and Killingworth|Independent|Dawn Furness|None|322|0.7|
Cramlington and Killingworth|Social Democratic Party |Mathew Wilkinson|None|12,820|28.3|
North Northumberland|Labour Party |David Smith|winning|17,855|36.6|+13.4
North Northumberland|Conservative Party |Anne-Marie Trevelyan|None|12,788|26.2|-29.7
North Northumberland|Reform UK|Katherine Hales|None|7,688|15.7|
North Northumberland|Liberal Democrats |Natalie Younes|None|5,169|10.6|-5.5
North Northumberland|Independent|Georgina Hill|None|3,220|6.6|
North Northumberland|Green Party of England and Wales|Jan Rosen|None|1,743|3.6|+0.2
North Northumberland|Independent|Michael Joyce|None|288|0.6|
North Northumberland|Social Democratic Party |Andrew Martin|None|5,067|10.4|
Sunderland Central|Labour Party |Lewis Atkinson|winning|16,852|42.2|
Sunderland Central|Reform UK|Chris Eynon|None|10,779|27.0|+15.4
Sunderland Central|Conservative Party |Gregory Peacock|None|5,731|14.3|-21.1
Sunderland Central|Liberal Democrats |Niall Hodson|None|3,602|9.0|+2.0
Sunderland Central|Green Party of England and Wales|Rachel Featherstone|None|6,073|15.2|+8.4
Houghton and Sunderland South|Labour Party |Bridget Phillipson|winning|18,837|47.1|+6.4
Houghton and Sunderland South|Reform UK|Sam Woods-Brass|None|11,668|29.1|+13.6
Houghton and Sunderland South|Conservative Party |Chris Burnicle|None|5,514|13.8|
Houghton and Sunderland South|Liberal Democrats |Paul Edgeworth|None|2,290|5.7|
Houghton and Sunderland South|Green Party of England and Wales|Richard Bradley|None|7,168|17.9|+10.1
Gateshead Central and Whickham|Labour Party |Mark Ferguson |winning|18,245|45.4|-1.7
Gateshead Central and Whickham|Reform UK|Damian Heslop|None|8,601|21.4|+17.5
Gateshead Central and Whickham|Liberal Democrats |Ron Beadle|None|4,987|12.4|+0.2
Gateshead Central and Whickham|Conservative Party |Nick Oliver|None|4,628|11.5|-21.5
Gateshead Central and Whickham|Green Party of England and Wales|Rachel Cabral|None|3,217|8.0|+4.2
Gateshead Central and Whickham|Trade Unionist and Socialist Coalition|Norman Hall|None|369|0.9|
Gateshead Central and Whickham|Save Us Now|Graham Steele|None|9,644|24.0|
Jarrow and Gateshead East|Reform UK|Lynda Alexandra|None|||
Jarrow and Gateshead East|Alliance for Democracy and Freedom|Mark Conway|None|||
Jarrow and Gateshead East|Green Party of England and Wales|Nic Cook|None|||
Jarrow and Gateshead East|Conservative Party |Jack Gebhard|None|||
Jarrow and Gateshead East|Labour Party |Kate Osborne|None|||
Jarrow and Gateshead East|Liberal Democrats |James Rickelton|None|||
Washington and Gateshead South|Labour Party |Sharon Hodgson|winning|17,682|47.8|+4.7
Washington and Gateshead South|Reform UK|Paul Donaghy|None|10,769|29.1|+15.3
Washington and Gateshead South|Conservative Party |Shaun Parsons|None|4,654|12.6|-21.1
Washington and Gateshead South|Green Party of England and Wales |Michal Chantkowski|None|1,687|4.6|+1.9
Washington and Gateshead South|Liberal Democrats |Ciaran Morrissey|None|1,602|4.3|-0.6
Washington and Gateshead South|Independent|Sharon McLafferty|None|627|1.7|
Newcastle upon Tyne Central and West |Labour Party |Chi Onwurah|winning|18,875|45.6|
Newcastle upon Tyne Central and West |Reform UK|Ashton Muncaster|None|7,815|18.9|+10.7
Newcastle upon Tyne Central and West |Conservative Party |Frances Lasok|None|4,228|10.2|-16.4
Newcastle upon Tyne Central and West |Independent|Yvonne Ridley|None|3,627|8.8|
Newcastle upon Tyne Central and West |Green Party of England and Wales|John Pearson|None|3,228|7.8|+4.8
Newcastle upon Tyne Central and West |Liberal Democrats |Ali Avaei|None|1,946|4.7|+1.7
Newcastle upon Tyne Central and West |Independent|Habib Rahman|None|11,060|26.7|
Newcastle upon Tyne East and Wallsend |Labour Party |Mary Glindon|None|21,200|50.1|
Newcastle upon Tyne East and Wallsend |Reform UK|Janice Richardson|None|8,383|19.8|
Newcastle upon Tyne East and Wallsend |Green Party of England and Wales|Matthew Williams|None|5,257|12.4|
Newcastle upon Tyne East and Wallsend |Conservative Party |Rosie Hanlon|None|3,522|8.3|
Newcastle upon Tyne East and Wallsend |Liberal Democrats |Mark Ridyard|None|2,965|7.0|
Newcastle upon Tyne East and Wallsend |Workers Party of Britain|Muhammed Ghori|None|430|1.0|
Newcastle upon Tyne East and Wallsend |Party of Women|Liz Panton|None|283|0.7|
Newcastle upon Tyne East and Wallsend |Communist Party of Britain|Emma-Jane Phillips|None|186|0.4|
Newcastle upon Tyne East and Wallsend |Social Democratic Party |Robert Malyn|None|12,817|30.3|
Newcastle upon Tyne North |Labour Party |Catherine McKinnell|winning|24,440|50.3|
Newcastle upon Tyne North |Conservative Party |Guy Renner-Thompson|None|6,678|13.7|
Newcastle upon Tyne North |Liberal Democrats |Aidan King|None|5,936|12.2|
Newcastle upon Tyne North |Reform UK|Deborah Lorraine|None|5,933|12.2|
Newcastle upon Tyne North |Green Party of England and Wales|Sarah Peters|None|5,035|10.4|
Newcastle upon Tyne North |Independent politician|King Teare|None|310|0.6|
Newcastle upon Tyne North |Social Democratic Party |Martin Evison|None|17,762||
South Shields|Labour Party |Emma Lewell-Buck|winning|15,122|41.1|-3.0
South Shields|Reform UK|Steve Holt|None|8,469|23.0|+8.3
South Shields|Green Party of England and Wales|David Francis|None|5,433|14.8|+11.7
South Shields|Conservative Party |Craig Robinson|None|4,128|11.2|-14.6
South Shields|Independent politician|Ahmed Khan|None|2,270|6.2|
South Shields|Liberal Democrats |Jonathan Aibi|None|6,653|18.1|
Tynemouth|Liberal Democrats |John Appleby|None|||
Tynemouth|Conservative Party |Lewis Bartoli|None|||
Tynemouth|Labour Party |Alan Campbell |None|||
Tynemouth|Reform UK|Rosalyn Elliot|None|||
Tynemouth|Independent politician|Christopher Greener|None|||
Tynemouth|Party of Women|Kelly Jane Oliver Dougall|None|||
Tynemouth|Independent politician|Mustaque Rahman|None|||
Tynemouth|Green Party of England and Wales|Chloe-Louise Fawcett-Reilly|None|||
Tynemouth|Heritage Party |Adam Thewlis|None|||
Bangor Aberconwy|Welsh Labour|Claire Hughes|winning|14,008|33.6|-4.8
Bangor Aberconwy|Plaid Cymru|Catrin Wager|None|9,112|21.9|5.7
Bangor Aberconwy|Welsh Conservatives|Robin Millar |None|9,036|21.7|-18.3
Bangor Aberconwy|Reform UK|John Clark|None|6,091|14.6|13.7
Bangor Aberconwy|Welsh Liberal Democrats|Rachael Roberts|None|1,524|3.7|-0.7
Bangor Aberconwy|Green Party of England and Wales|Petra Haig|None|1,361|3.3|3.3
Bangor Aberconwy|Socialist Labour Party |Kathrine Jones|None|4,896|4|
Clwyd East|Welsh Labour|Becky Gittins|winning|18,484|38.7|
Clwyd East|Welsh Conservatives|James Davies |None|13,862|29|
Clwyd East|Reform UK|Kirsty Walmsley|None|7,626|15.9|
Clwyd East|Plaid Cymru|Paul Penlington|None|3,733|7.8|
Clwyd East|Welsh Liberal Democrats|Alec Dauncey|None|1,859|3.9|
Clwyd East|Green Party of England and Wales|Lee Lavery|None|1,659|3.5|
Clwyd East|Independent |Rob Roberts |None|4,622|9.7|
Clwyd North|Welsh Labour|Gill German|None|||
Clwyd North|Welsh Green Party|Martyn Hogg|None|||
Clwyd North|Welsh Conservatives|Darren Millar|None|||
Clwyd North|Reform UK|Jamie Orange|None|||
Clwyd North|Plaid Cymru|Paul Rowlinson|None|||
Clwyd North|Welsh Liberal Democrats|David Wilkins|None|||
Alyn and Deeside|Welsh Labour|Mark Tami|winning|18,395|42.4|
Alyn and Deeside|Reform UK|Vicki Roskams|None|9,601|22.1|
Alyn and Deeside|Welsh Conservatives|Jeremy Kent|None|7,892|18.2|
Alyn and Deeside|Welsh Liberal Democrats|Richard Marbrow|None|2,065|4.8|
Alyn and Deeside|Plaid Cymru|Jack Morris|None|1,938|4.5|
Alyn and Deeside|Welsh Green Party|Karl Macnaughton|None|1,926|4.4|
Alyn and Deeside|Independent politician|Edwin Duggan|None|8,794|11.6|
Dwyfor Meirionnydd|Plaid Cymru|Liz Saville Roberts|None|21,788|53.9|
Dwyfor Meirionnydd|Welsh Labour|Joanna Stallard|None|5,912|14.6|
Dwyfor Meirionnydd|Reform UK|Lucy Murphy|None|4,857|12|
Dwyfor Meirionnydd|Welsh Conservatives|Tomos Day|None|4,712|11.7|
Dwyfor Meirionnydd|Green Party of England and Wales|Karl Drinkwater|None|1,448|3.6|
Dwyfor Meirionnydd|Welsh Liberal Democrats|Phoebe Jenkins|None|1,381|3.4|
Dwyfor Meirionnydd|Heritage Party |Joan Ginsberg|None|||
Wrexham|Welsh Labour|Andrew Ranger |None|15,836|39.2|+1.0
Wrexham|Welsh Conservatives|Sarah Atherton|None|9,888|24.5|-22
Wrexham|Reform UK|Charles Dodman|None|6,915|17.1|+13.3
Wrexham|Plaid Cymru|Becca Martin|None|4,138|10.2|+3.9
Wrexham|Welsh Liberal Democrats|Timothy John Sly|None|1,777|4.4|+0.1
Wrexham|Green Party of England and Wales|Tim Morgan|None|1,339|3.3|+2.4
Wrexham|Abolish the Welsh Assembly Party|Paul Ashton|None|||
Gower|Welsh Labour|Tonia Antoniazzi|winning|20,480|43.4|-2.4
Gower|Liberal Democrats |Franck Banza|None|2,593|5.5|-0.4
Gower|Independent |Wayne Erasmus|None|283|0.6|+0.6
Gower|Green Party of England and Wales|Chris Evans|None|2,488|5.3|+5.3
Gower|Welsh Conservatives|Marc Jenkins|None|8,913|18.9|-21.0
Gower|Plaid Cymru|Kieran Pritchard|None|3,942|8.3|+3.2
Gower|Reform UK|Catrin Thomas|None|||
Aberafan Maesteg|Welsh Labour|Stephen Kinnock|winning|17,838|49.9|-3.0
Aberafan Maesteg|Reform UK|Mark Griffiths|None|7,484|20.9|+12.4
Aberafan Maesteg|Plaid Cymru|Colin Deere|None|4,719|13.2|+4.2
Aberafan Maesteg|Welsh Conservatives|Abigail Mainon|None|2,903|8.1|-14.5
Aberafan Maesteg|Wales Green Party|Nigel Hill|None|1,094|3.1|+1.5
Aberafan Maesteg|Welsh Liberal Democrats|Justin Griffiths|None|916|2.6|-1.1
Aberafan Maesteg|Independent |Captain Beany|None|618|1.7|+0.1
Aberafan Maesteg|Heritage Party |Rhiannon Morrissey|None|10,354|29.0|
Blaenau Gwent and Rhymney|Green Party of England and Wales|Anne Baker|None|1,719|5.7|
Blaenau Gwent and Rhymney|Welsh Liberal Democrats|Jackie Charlton|None|1,268|4.2|
Blaenau Gwent and Rhymney|Communist Party of Britain|Robert Griffiths |None|309|1|
Blaenau Gwent and Rhymney|Workers Party of Britain|Yas Iqbal|None|570|1.9|
Blaenau Gwent and Rhymney|Welsh Conservatives|Hannah Jarvis|None|3,776|12.6|
Blaenau Gwent and Rhymney|Plaid Cymru|Niamh Salkeld|None|3,884|12.8|
Blaenau Gwent and Rhymney|Welsh Labour|Nick Smith |None|16,027|53.6|
Blaenau Gwent and Rhymney|Independent |Mike Whatley|None|12,183|40.7|
Merthyr Tydfil and Aberdare|Workers Party of Britain|Anthony Cole|None|||
Merthyr Tydfil and Aberdare|Communist Party of Britain|Bob Davenport|None|||
Merthyr Tydfil and Aberdare|Independent |Lorenzo De Gregori|None|||
Merthyr Tydfil and Aberdare|Welsh Green Party|David Griffin|None|||
Merthyr Tydfil and Aberdare|Welsh Conservatives|Amanda Jenner|None|||
Merthyr Tydfil and Aberdare|Welsh Labour|Gerald Jones|None|||
Merthyr Tydfil and Aberdare|Welsh Liberal Democrats|Jade Smith|None|||
Merthyr Tydfil and Aberdare|Reform UK|Gareth Thomas|None|||
Merthyr Tydfil and Aberdare|Plaid Cymru|Francis Daniel Whitefoot|None|||
Mid and South Pembrokeshire|Welsh Labour|Henry Tufnell |None|16,505|35.4|-1.8
Mid and South Pembrokeshire|Welsh Conservatives|Stephen Crabb|None|14,627|31.4|-21.5
Mid and South Pembrokeshire|Reform UK|Stuart Marchant|None|7,828|16.8|+16.8
Mid and South Pembrokeshire|Plaid Cymru|Cris Tomos|None|2,962|6.4|+1.1
Mid and South Pembrokeshire|Welsh Liberal Democrats|Alistair Cameron|None|2,372|5.1|+0.5
Mid and South Pembrokeshire|Wales Green Party|James Purchase|None|1,654|3.5|+3.5
Mid and South Pembrokeshire|Independent |Vusi Siphika|None|427|0.9|+0.9
Mid and South Pembrokeshire|Women|Hanna Andersen|None|254|0.5|+0.5
Cardiff East|Labour Party |Jo Stevens|winning|15,833|40.5|
Cardiff East|Liberal Democrats |Rodney Berman|None|6,736|17.2|+4.9
Cardiff East|Reform UK|Lee Canning|None|4,980|12.7|+9.2
Cardiff East|Wales Green Party|Sam Coates|None|3,916|10|+9.4
Cardiff East|Conservative Party |Beatrice Brandon|None|3,913|10|
Cardiff East|Plaid Cymru|Cadewyn Eleri Skelley|None|3,550|9.1|+8.5
Cardiff East|Trade Unionist and Socialist Coalition|John Aaron Williams|None|||
Monmouthshire|Plaid Cymru|Ioan Rhys Bellin|None|1,273|2.5|+0.1
Monmouthshire|Green Party of England and Wales|Ian Chandler|None|2,357|4.6|+2.1
Monmouthshire|Conservative Party |David TC Davies|None|17,672|34.8|-17.3
Monmouthshire|True and Fair Party|June Davies|None|255|0.5|+0.5
Monmouthshire|Welsh Labour|Catherine Fookes|None|21,010|41.3|+9.7
Monmouthshire|Independent |Owen Lewis|None|457|0.9|+0.9
Monmouthshire|Heritage Party |Emma Meredith|None|103|0.2|+0.2
Monmouthshire|Welsh Liberal Democrats|William Powell |None|2,279|4.5|-5.1
Monmouthshire|Reform UK|Max Windsor-Peplow|None|||
Bridgend|Welsh Labour Party|Chris Elmore|winning|16,516|39.9|
Bridgend|Reform UK|Caroline Jones |None|7,921|19.1|
Bridgend|Welsh Conservative Party|Anita Boateng|None|6,764|16.3|
Bridgend|Plaid Cymru|Iolo Caudy|None|3,629|8.8|
Bridgend|Independent|Mark John|None|3,338|8.1|
Bridgend|Green Party of England and Wales|Debra Ann Cooper|None|1,760|4.3|
Bridgend|Welsh Liberal Democrats|Claire Waller|None|8,595|20.8|
Caerphilly|Welsh Liberal Democrats|Steve Aicheler|None|1,788|4.7|
Caerphilly|Labour and Co-operative Party|Chris Evans |None|14,538|38|
Caerphilly|Welsh Conservatives|Brandon Gorman|None|4,385|11.5|
Caerphilly|Reform UK|Joshua Seungkyun Kim|None|7,754|20.3|
Caerphilly|Green Party of England and Wales|Mark Thomas|None|1,650|4.3|
Caerphilly|Plaid Cymru|Lindsay Whittle|None|||
Cardiff North|Reform UK|Lawrence Douglas Gwynn|None|5,985|12.6|
Cardiff North|Welsh Liberal Democrats|Irfan Latif|None|3,168|6.7|
Cardiff North|Welsh Labour|Anna McMorrin|None|20,849|43.9|
Cardiff North|Plaid Cymru|Malcolm Phillips|None|4,669|9.8|
Cardiff North|Green Party of England and Wales|Meg Shepherd-Foster|None|3,160|6.7|
Cardiff North|Welsh Conservatives|Joel Williams|None|||
Cardiff South and Penarth|Labour and Co-operative|Stephen Doughty|winning|17,428|44.5|
Cardiff South and Penarth|Wales Green Party|Anthony Slaughter|None|5,661|14.5|+12.2
Cardiff South and Penarth|Welsh Conservatives|Ellis Smith|None|5,459|13.9|
Cardiff South and Penarth|Reform UK|Simon Llewellyn|None|4,493|11.5|+8.7
Cardiff South and Penarth|Plaid Cymru|Sharifah Rahman|None|3,227|8.2|+4.0
Cardiff South and Penarth|Welsh Liberal Democrats|Alex Wilson|None|||
 Cardiff West|Welsh Labour|Alex Barros-Curtis|None|16,442|36.7|-13.5
 Cardiff West|Plaid Cymru|Kiera Marshall|None|9,423|21.1|+12.6
 Cardiff West|Welsh Conservatives|James Hamblin|None|6,835|15.3|-14.6
 Cardiff West|Reform UK|Peter Hopkins|None|5,626|12.6|+8.9
 Cardiff West|Green Party of England and Wales|Jess Ryan|None|3,157|7.1|+4.9
 Cardiff West|Welsh Liberal Democrats|Manda Rigby|None|1,921|4.3|-1.0
 Cardiff West|Propel |Neil McEvoy|None|1,041|2.3|+2.3
 Cardiff West|Independent |John Ernest Urquhart|None|241|0.5|+0.5
 Cardiff West|Heritage Party |Sean Wesley|None|7,019|15.6|-8.2
Llanelli|Welsh Labour|Nia Griffith|None|12,751|31.3|-8
Llanelli|Reform UK|Gareth Beer|None|11,247|27.6|+18.7
Llanelli|Plaid Cymru|Rhodri Davies|None|9,511|23.3|+2.2
Llanelli|Welsh Conservatives|Charlie Evans|None|4,275|10.5|-20.2
Llanelli|Welsh Liberal Democrats|Chris Passmore|None|1,254|3.1|+3.1
Llanelli|Green Party of England and Wales|Karen Laurence|None|1,106|2.7|+2.7
Llanelli|UKIP|Stan Robinson|None|1,504|3.7|
Newport East|Welsh Labour|Jessica Morden|None|16,370|42.5|-5
Newport East|Reform UK|Tommy Short|None|7,361|19.1|+13
Newport East|Welsh Conservatives|Rachel Buckler|None|6,487|16.8|-19.4
Newport East|Plaid Cymru|Jonathan Clark|None|2,239|5.8|+3.2
Newport East|Green Party of England and Wales|Lauren James|None|2,092|5.4|+3.5
Newport East|Welsh Liberal Democrats|John Miller|None|2,045|5.3|-0.4
Newport East|Independent |Pippa Bartolotti|None|1,802|4.7|+4.7
Newport East|Heritage Party |Mike Ford|None|||
Swansea West|Welsh Labour|Torsten Bell|winning|14,761|41.4|-10.0
Swansea West|Reform UK|Patrick Benham-Crosswell|None|6,246|17.5|+10.7
Swansea West|Trade Unionist and Socialist Coalition|Gareth Bromhall|None|337|0.9|+0.9
Swansea West|Green Party of England and Wales|Peter Jones|None|2,305|6.5|+5.7
Swansea West|Welsh Liberal Democrats|Michael O'Carroll|None|4,367|12.2|+5.8
Swansea West|Welsh Conservatives|Tara-Jane Sutcliffe|None|3,536|9.9|-18.8
Swansea West|Plaid Cymru|Gwyn Williams|None|8,515|23.9|+1.3
Torfaen|Heritage Party |Nikki Brooke|None|137|0.4|+0.4
Torfaen|Green Party of England and Wales|Philip Davies|None|1,705|4.8|+2.6
Torfaen|Independent |Lee Dunning|None|881|2.5|+2.5
Torfaen|Welsh Conservatives|Nathan Edmunds|None|5,737|16.1|-17.2
Torfaen|Plaid Cymru|Matthew Jones|None|2,571|7.2|+3.6
Torfaen|Welsh Liberal Democrats|Brendan Roberts|None|1,644|4.6|-0.4
Torfaen|Reform UK|Ian Williams|None|7,322|20.5|+10.5
Vale of Glamorgan|Conservative Party |Alun Cairns|None|13,524|29.5|-19.6
Vale of Glamorgan|Abolish the Welsh Assembly Party|Stuart Field|None|669|1.5|+1.5
Vale of Glamorgan|Plaid Cymru|Ian James Johnson|None|3,245|7.1|+7.1
Vale of Glamorgan|Welsh Green Party|Lynden Mack|None|1,881|4.1|-1.9
Vale of Glamorgan|Welsh Labour|Kanishka Narayan|None|17,740|38.7|-5.2
Vale of Glamorgan|Welsh Liberal Democrats|Steven Rajam|None|1,612|3.5|+3.5
Vale of Glamorgan|Reform UK|Toby Rhodes-Matthews|None|6,973|15.2|+15.2
Vale of Glamorgan|Independent |Steven Sluman|None|||
North East Hertfordshire|Labour and Co-operative Party|Chris Hinchliff|winning|18,358|35.0|+11.3
North East Hertfordshire|Conservative Party |Nikki da Costa|None|16,435|31.3|-25.3
North East Hertfordshire|Reform UK|Steven Adelantado|None|8,462|16.1|+16.1
North East Hertfordshire|Liberal Democrats |Ruth Brown|None|5,463|10.4|-5.1
North East Hertfordshire|Green Party of England and Wales|Vicky Burt|None|3,802|7.2|+2.9
South West Hertfordshire|Conservative Party |Gagan Mohindra|winning|16,458|34.1|-18.1
South West Hertfordshire|Liberal Democrats |Sally Symington|None|12,002|24.9|+12.2
South West Hertfordshire|Labour Party |Alex Sufit|None|9,637|20.0|+3.9
South West Hertfordshire|Reform UK|Keith Steers|None|6,790|14.1|
South West Hertfordshire|Green Party of England and Wales|Narinder Sian|None|2,532|5.2|+3.7
South West Hertfordshire|Party of Women |Bernadette O'Malley|None|295|0.6|
South West Hertfordshire|Rejoin EU |Victor Silkin|None|232|0.5|
South West Hertfordshire|Social Democratic Party |Michael McGetrick|None|158|0.3|
South West Hertfordshire|UK Voice |Ketankumar Pipaliya|None|4456|9.23|-14.37
St Albans|Liberal Democrats |Daisy Cooper|winning|29,222|56.6|+6.7
St Albans|Conservative Party |James Spencer|None|9,388|18.2|-21.1
St Albans|Labour Party |Sophia Bhatti|None|5,189|10.1|+1.3
St Albans|Reform UK|John Dowdle|None|4,336|8.4|+8.4
St Albans|Green Party of England and Wales|Simon Grover|None|3,272|6.3|+4.6
St Albans|Heritage Party |Dafydd Morriss|None|104|0.2|0.2
St Albans|Social Democratic Party |Stewart Satterly|None|103|0.2|+0.2
Hertford and Stortford|Reform UK|John Burmicz|None|8,325|15.4|
Hertford and Stortford|Liberal Democrats |Helen Campbell|None|4,167|7.7|-6.5
Hertford and Stortford|Green Party of England and Wales|Nick Cox|None|4,373|8.1|+3.5
Hertford and Stortford|Labour Party |Josh Dean |None|20,808|38.5|+14.8
Hertford and Stortford|Alliance for Democracy and Freedom|Jane Fowler|None|139|0.3|
Hertford and Stortford|Heritage Party |Barry Hensall|None|137|0.3|
Hertford and Stortford|Conservative Party |Julie Marson|None|4748|8.8|
Hertsmere|Conservative Party |Oliver Dowden|winning|21,451|44.7|-20.2
Hertsmere|Labour Party |Josh Tapper|None|13,459|28.0|+6.9
Hertsmere|Reform UK|Darren Selkus|None|6,584|13.7|+13.7
Hertsmere|Liberal Democrats |Emma Matanle|None|3,710|7.7|-3.2
Hertsmere|Green Party of England and Wales|John Humphries|None|2,267|4.7|+1.6
Hertsmere|Independent politician|Ray Bolster|None|7,992|16.6|-24.2
Broxbourne|Liberal Democrats |Nick Belfitt|None|2,688|6.3|-2.7
Broxbourne|Green Party of England and Wales|Owen Brett|None|2,461|5.7|+2.9
Broxbourne|Conservative Party |Lewis Cocking|None|15,810|36.8|-27.4
Broxbourne|Labour Party |Catherine Deakin|None|12,952|30.2|+6.2
Broxbourne|English Constitution Party|Brett Frewin|None|87|0.2|+0.2
Broxbourne|UK Independence Party|Martin Harvey|None|172|0.4|+0.4
Broxbourne|Reform UK|Tom Holdsworth|None|2,858|6.6|-35.8
Watford|Labour Party |Matt Turmaine|winning|15,708|35.3|
Watford|Conservative Party |Dean Russell|None|10,985|24.7|
Watford|Liberal Democrats |Ian Stotesbury|None|7,577|17.0|
Watford|Reform UK|Gary Ling|None|4,930|11.1|
Watford|Workers Party of Britain|Khalid Mahmood Chohan|None|2,659|6.0|
Watford|Green Party of England and Wales|Arran Bowen-la Grange|None|2,428|5.5|
Watford|Heritage Party |Sarah Knott|None|168|0.4|
Hemel Hempstead|Conservative Party |Andrew Williams|None|11,987|27.2|-27.8
Hemel Hempstead|Reform UK|Noel Willcox|None|7,689|17.4|+17.4
Hemel Hempstead|Liberal Democrats |Sammy Barry-Mears|None|5,096|11.6|+0.2
Hemel Hempstead|Green Party of England and Wales|Sherief Hassan|None|4,857|11.01|-17.39
Stevenage|Labour Party |Kevin Bonavia|winning|17,698|41.4|+6.2
Stevenage|Conservative Party |Alex Clarkson|None|11,080|25.9|-27.2
Stevenage|Reform UK|Peter Hopper|None|7,667|17.9|+17.9
Stevenage|Liberal Democrats |Lisa Nash|None|3,467|8.1|-0.6
Stevenage|Green Party of England and Wales|Paul Dawson|None|2,655|6.2|+3.1
Stevenage|Christian Peoples Alliance|Joshua Smith|None|6,618|15.5|
Harpenden and Berkhamsted|Liberal Democrats |Victoria Collins|winning|27,282|50.2|+24.9
Harpenden and Berkhamsted|Conservative Party |Nigel Gardner|None|16,574|30.5|-21.8
Harpenden and Berkhamsted|Reform UK|Saba Poursaeedi|None|4,245|7.8|+7.8
Harpenden and Berkhamsted|Labour Party |Zara Layne|None|4,061|7.5|-3.1
Harpenden and Berkhamsted|Green Party of England and Wales|Paul de Hoest|None|1,951|3.6|+2.0
Harpenden and Berkhamsted|Social Democratic Party |Mark Patten|None|10,708|19.70|
Welwyn Hatfield|Labour Party |Andrew Lewin|winning|19,877|41.0|9.3
Welwyn Hatfield|Conservative Party |Grant Shapps|None|16,078|33.2|-19.3
Welwyn Hatfield|Reform UK|Jack Aaron|None|6,397|13.2|
Welwyn Hatfield|Liberal Democrats |John Munro|None|3,117|6.4|-6.3
Welwyn Hatfield|Green Party of England and Wales|Sarah Butcher|None|2,986|6.2|3.1
Hitchin|Conservative Party |Bim Afolami|None|||
Hitchin|Reform UK|Charles Bunker|None|||
Hitchin|Christian Peoples Alliance|Sid Cordle|None|||
Hitchin|Green Party of England and Wales|Will Lavin|None|||
Hitchin|Liberal Democrats |Chris Lucas|None|||
Hitchin|Labour Party |Alistair Strathern|None|||
Luton North|Labour Party |Sarah Owen|winning|23,496|55.2|-8.6
Luton North|Conservative Party |Jeet Bains|None|14,249|33.5|+0.5
Luton North|Liberal Democrats |Linda Jack|None|2,063|4.8|+3.1
Luton North|Brexit Party|Sudhir Sharma|None|1,215|2.9|
Luton North|Green Party of England and Wales|Simon Hall|None|771|1.8|+0.4
Luton North|Independent politician|Muhammad Rehman|None|646|1.5|
Luton North|Women|Serena Laidley|None|149|0.3|
Bedford|Workers Party of Britain|Prince Chaudhury|None|996|2|
Bedford|Conservative Party |Pinder Chauhan|None|8,912|21.9|-20
Bedford|Green Party of England and Wales|Ben Foley|None|2,394|5.9|+3.9
Bedford|Independent politician|Tarek Javed|None|1,442|3.5|
Bedford|Reform UK|Matt Lansley|None|4,548|11.2|+9.5
Bedford|Liberal Democrats |Henry Vann|None|4,025|9.9|-0.1
Bedford|Labour Party |Mohammad Yasin |None|9,430||
Luton South and South Bedfordshire|Reform UK|Norman Maclean|None|4,759|12.4|
Luton South and South Bedfordshire|Green Party of England and Wales|Edward Carpenter|None|2,401|6.3|
Luton South and South Bedfordshire|Liberal Democrats |Dominic Griffiths |None|2,400|6.3|
North Bedfordshire|Reform UK|Pippa Clayton|None|||
North Bedfordshire|Conservative Party |Richard Fuller |None|||
North Bedfordshire|Labour Party |Uday Nagaraju|None|||
North East Cambridgeshire|Conservative Party |Stephen Barclay|None|16,246|41.5|-32.4
North East Cambridgeshire|Liberal Democrats |David Chalmers|None|2,716|6.9|+0.2
North East Cambridgeshire|Green Party of England and Wales|Andrew Crawford|None|2,001|5.1|1.7
North East Cambridgeshire|Workers Party of Britain|Clayton Maxwell Payne|None|190|0.5|+0.5
North East Cambridgeshire|Reform UK|Chris Thornhill|None|7,189|0|0
North West Cambridgeshire|Labour Party |Sam Carling|winning|14,785|33.28|+11.19
North West Cambridgeshire|Conservative Party |Shailesh Vara|None|14,746|33.19|-28.96
North West Cambridgeshire|Reform UK|James Sidlow|None|8,741|19.68|+19.68
North West Cambridgeshire|Liberal Democrats |Bridget Smith|None|3,192|7.19|-3.43
North West Cambridgeshire|Green Party of England and Wales|Elliot Tong|None|39|0.1|-12.1
South Cambridgeshire|Conservative Party |Chris Carter-Chapman|None|15,063|27.4|-16.1
South Cambridgeshire|Reform UK|Harrison Edwards|None|4,897|8.9|+8.8
South Cambridgeshire|Green Party of England and Wales|Miranda Fyfe|None|2,656|4.8|+4.6
South Cambridgeshire|Independent politician|James Gordon|None|459|0.8|+0.8
South Cambridgeshire|Labour Party |Luke Viner|None|||
Huntingdon|Conservative Party |Ben Obese-Jecty|winning|18,257|35.1|
Huntingdon|Labour Party |Alexandra Bulat|None|16,758|32.2|+10.2
Huntingdon|Reform UK|Sarah Smith|None|8,039|15.4|
Huntingdon|Liberal Democrats |Mark Argent|None|4,821|9.3|
Huntingdon|Green Party of England and Wales|Georgie Hunt|None|3,042|5.8|+2.0
Huntingdon|Independent politician|Chan Raj Abraham|None|1,499|2.9|
Peterborough|Labour and Co-operative Party|Andrew Pakes|winning|13,418|32.0|-9.5
Peterborough|Conservative Party |Paul Bristow|None|13,300|31.8|-14.7
Peterborough|Reform UK|Sue Morris|None|5,379|12.8|+8.3
Peterborough|Workers Party of Britain|Amjad Hussain|None|5,051|12.1|+12.1
Peterborough|Green Party of England and Wales|Nicola Day|None|2,542|6.1|+4.6
Peterborough|Liberal Democrats |Nick Sandford|None|1,746|4.2|-0.7
Peterborough|Independent politician|Zahid Ejaz Khan|None|211|0.5|+0.2
Peterborough|Christian Peoples Alliance|Tom Rogers|None|118|1.18|0.01
Cambridge|Labour Party |Daniel Zeichner|winning|19,614|46.6|-0.8
Cambridge|Liberal Democrats |Cheney Payne|None|8,536|20.3|-10.3
Cambridge|Green Party of England and Wales|Sarah Nicmanis|None|6,842|16.3|+12.1
Cambridge|Conservative Party |Shane Manning|None|5,073|12.0|-2.8
Cambridge|Workers Party of Britain|Khalid Abu-Tayyem|None|951|2.3|+2.3
Cambridge|Rebooting Democracy|Keith Garrett|None|11,078|60|-7
Ely and East Cambridgeshire|Liberal Democrats |Charlotte Cane|winning|17,127|32.7|+3.4
Ely and East Cambridgeshire|Conservative Party |Lucy Frazer|None|16,632|31.8|-22.2
Ely and East Cambridgeshire|Labour Party |Elizabeth McWilliams|None|9,160|17.5|+3.1
Ely and East Cambridgeshire|Reform UK|Ryan Coogan|None|6,443|12.3|+12.3
Ely and East Cambridgeshire|Green Party of England and Wales|Andy Cogan|None|2,359|4.5|+3.9
Ely and East Cambridgeshire|Official Monster Raving Loony Party|Hoo-Ray Henry|None|271|0.5|+0.5
Ely and East Cambridgeshire|Social Democratic Party |Robert Bayley|None|172|0.3|+0.3
Ely and East Cambridgeshire|Independent politician|Obi Monye|None|103|0.2|+0.2
Ely and East Cambridgeshire|Independent politician|Rob Rawlins|None|495|0.9|
St Neots and Mid Cambridgeshire|Liberal Democrats |Ian Sollom|winning|19,517|36.9|+10.1
St Neots and Mid Cambridgeshire|Conservative Party |Anthony Browne |None|14,869|28.2|-23.1
St Neots and Mid Cambridgeshire|Labour Party |Marianna Masters|None|6,918|13.1|-5.7
St Neots and Mid Cambridgeshire|Reform UK|Guy Lachlan|None|5,673|10.7|+10.7
St Neots and Mid Cambridgeshire|Independent politician|Stephen Ferguson|None|2,941|5.6|+5.6
St Neots and Mid Cambridgeshire|Green Party of England and Wales|Kathryn Fisher|None|2,663|3.0|+3.3
St Neots and Mid Cambridgeshire|Party of Women|Bev White|None|||
Brentwood and Ongar|Labour Party |Gareth Barrett|None|11,082|22.9|+9.2
Brentwood and Ongar|Conservative Party |Alex Burghart|None|17,731|36.7|-31.9
Brentwood and Ongar|Reform UK|Paul Godfrey|None|11,751|24.3|
Brentwood and Ongar|Liberal Democrats |David Kendall|None|5,809|12|-1.6
Brentwood and Ongar|Green Party of England and Wales|Reece Learmouth|None|1,770|3.7|+0.5
Brentwood and Ongar|English Democrats|Robin Tilbrook|None|5,980||
Southend East and Rochford|Labour Party |Bayo Alaba|None|||
Southend East and Rochford|Liberal Democrats |James Allen|None|||
Southend East and Rochford|Conservative Party |Gavin Haran|None|||
Braintree|Conservative Party |James Cleverly|winning|17,414|35.5|
Braintree|Labour Party |Matthew Wright|None|13,744|28.0|+9.8
Braintree|Reform UK|Richard Thomson|None|11,346|23.1|
Braintree|Liberal Democrats |Kieron Franks|None|2,879|5.9|
Braintree|Green Party of England and Wales|Paul Thorogood|None|2,878|5.9|+5.4
Braintree|Independent politician|David Heather|None|3,670|7.5|
Epping Forest|Conservative Party |Neil Hudson |winning|18,038|43.2|-21.2
Epping Forest|Labour Party |Rosalind Dor|None|12,356|29.6|+9.3
Epping Forest|Liberal Democrats |Jon Whitehouse|None|5,268|12.6|+1.9
Epping Forest|Independent|Ed Pond|None|3,037|7.3|-7.3
Epping Forest|Green Party of England and Wales|Simon Heap|None|2,486|6.0|+2.1
Epping Forest|Shared Ground|Thomas Hall|None|5,682|13.6|-30.5
Harlow|Labour and Co-operative|Chris Vince|winning|16,313|37.6|+8.3
Harlow|Conservative Party |Hannah Ellis|None|13,809|31.8|-32.8
Harlow|Reform UK|Malcolm Featherstone|None|9,461|21.8|+21.8
Harlow|Green Party of England and Wales|Yasmin Gregory|None|2,267|5.2|+4.9
Harlow|Liberal Democrats |Riad Mannan|None|1,350|3.1|-2.8
Harlow|UK Independence Party|Lois Perry|None|2,504|25.0|-24.5
Southend West and Leigh|Labour Party |David Burton-Sampson|winning|16,739|35.6|
Southend West and Leigh|Conservative Party |Anna Firth|None|14,790|31.5|
Southend West and Leigh|Reform UK|Peter Little|None|8,273|17.6|
Southend West and Leigh|Green Party of England and Wales|Tilly Hogrebe|None|3,262|6.9|
Southend West and Leigh|Liberal Democrats |Stephen Cummins|None|3,174|6.8|
Southend West and Leigh|Confelicity|James Miller|None|262|0.6|
Southend West and Leigh|Independent politician|Tom Darwood|None|172|0.4|
Southend West and Leigh|Heritage Party |Lara Hurley|None|99|0.2|
Southend West and Leigh|Psychedelic Movement|Jason Pilley|None|99|0.2|
Southend West and Leigh|Independent politician|Robert David John Francis|None|1,949||
Thurrock |Labour Party |Jen Craft|None|16,050|42.7|+8.3
Thurrock |Reform UK|Sophie Preston-Hall|None|9,576|25.5|
Thurrock |Conservative Party |Jackie Doyle-Price|None|8,009|21.3|-37.3
Thurrock |Green Party of England and Wales|Eugene McCarthy|None|1,632|4.4|+2.7
Thurrock |Liberal Democrats |Michael Bukola|None|1,157|3.1|-0.1
Thurrock |Workers Party of Britain|Yousaff Khan|None|691|1.8|
Thurrock |Independent|Dr Raj Nimal|None|6,474|17.2|
Basildon and Billericay|Conservative Party |Richard Holden |winning|12,905|29.92|
Basildon and Billericay|Labour Party |Alex Harrison |None|12,885|29.88|+8.3
Basildon and Billericay|Reform UK|Stephen Conlay|None|11,354|26.3|
Basildon and Billericay|Green Party of England and Wales|Stewart Goshawk|None|3,123|7.2|+4.3
Basildon and Billericay|Liberal Democrats |Edward Sainsbury|None|2,292|5.3|
Basildon and Billericay|British Democratic Party |Christopher Bateman|None|373|0.9|
Basildon and Billericay|Trade Unionist and Socialist Coalition |Dave Murray |None|20|0.04|
Harwich and North Essex|Conservative Party |Bernard Jenkin|winning|16,522|34.4|-24.2
Harwich and North Essex|Labour Party |Alex Diner|None|15,360|32.0|+6.1
Harwich and North Essex|Reform UK|Mark Cole|None|9,806|20.4|+20.4
Harwich and North Essex|Liberal Democrats |Natalie Sommers|None|3,561|7.4|-3.3
Harwich and North Essex|Green Party of England and Wales |Andrew Canessa|None|||
South Basildon and East Thurrock|Reform UK|James McMurdock|winning|12,178|30.8|
South Basildon and East Thurrock|Labour Party |Jack Ferguson|None|12,080|30.5|
South Basildon and East Thurrock|Conservative Party |Stephen Metcalfe |None|10,159|29.7|
South Basildon and East Thurrock|Independent|Neil Speight|None|1,928|4.9|
South Basildon and East Thurrock|Green Party of England and Wales|Elizabeth Grant|None|1,718|4.3|
South Basildon and East Thurrock|Liberal Democrats |Dave Thomas|None|1,071|2.7|
South Basildon and East Thurrock|Independent politician|Steven Burnett|None|275|0.7|
South Basildon and East Thurrock|Social Democratic Party |Simon Breedon|None|98|0.2|
Maldon|Conservative Party |John Whittingdale|None|19,374|38.9|-33.3
Maldon|Reform UK|Pamela Walford|None|12,468|25.0|+25.0
Maldon|Labour Party |Onike Gollo|None|9,817|19.7|+7.1
Maldon|Liberal Democrats |Simon Burwood|None|5,882|11.8|+0.1
Maldon|Green Party of England and Wales|Isobel Doubleday|None|6,906|13.9|
Rayleigh and Wickford|Labour Party |James Hedges|None|11,823|24.6|+8.9
Rayleigh and Wickford|Liberal Democrats |Stewart Mott|None|4,068|8.5|+0.8
Rayleigh and Wickford|Green Party of England and Wales|Christopher Taylor|None|2,196|4.6|+0.9
Witham|Conservative Party |Priti Patel|winning|18,827|37.2|-29.5
Witham|Labour Party |Rumi Chowdhury|None|13,682|27.0|+9.5
Witham|Reform UK|Timothy Blaxill|None|9,870|19.5|+19.5
Witham|Green Party of England and Wales|James Abbott|None|3,539|7.0|+1.2
Witham|Liberal Democrats |Ashley Thompson|None|3,439|6.8|-3.2
Witham|Independent|Chelsey Jay|None|5,145|10.2|-48.73
Castle Point|Conservative Party |Rebecca Harris|None|15,485|38.1|-38.4
Castle Point|Reform UK|Keiron McGill|None|12,234|30.1|+30.1
Castle Point|Labour Party |Mark Maguire|None|9,455|23.3|+6.5
Castle Point|Green Party of England and Wales|Bob Chapman|None|2,118|5.2|+5.2
Castle Point|Liberal Democrats |James Willis|None|3,251||
Chelmsford|Liberal Democrats |Marie Goldman|winning|20,214|39.9|+13.8
Chelmsford|Conservative Party |Vicky Ford|None|15,461|30.5|-24.2
Chelmsford|Reform UK|Darren Ingrouille|None|6,754|13.3|
Chelmsford|Labour Party |Richard Parry|None|6,108|12.0|-6.1
Chelmsford|Green Party of England and Wales|Reza Hossain|None|1,588|3.1|
Chelmsford|Independent Network|Richard Hyland|None|230|0.5|
Chelmsford|Official Monster Raving Loony Party|Mark CitiZen Lawrence|None|187|0.4|-0.7
Chelmsford|Workers Party of Britain|Mark Kenlen|None|105|0.2|
Chelmsford|Independent politician|Kamla Sangha|None|4,753|9.4|
Clacton|Reform UK|Nigel Farage|winning|21,225|46.2|
Clacton|Conservative Party |Giles Watling|None|12,820|27.9|
Clacton|Labour Party |Jovan Owusu-Nepaul|None|7,448|16.2|
Clacton|Liberal Democrats |Matthew Bensilum|None|2,016|4.4|
Clacton|Green Party of England and Wales|Natasha Osben|None|1,935|4.2|
Clacton|Independent|Tony Mack|None|317|0.7|
Clacton|UK Independence Party|Andrew Pemberton|None|116|0.3|
Clacton|Climate Party|Craig Jamieson|None|48|0.1|
Clacton|Heritage Party |Tasos Papanastasiou|None|8,405|18.3|
Colchester|Labour Party |Pam Cox|winning|18,804|41.9|+11.8
Colchester|Conservative Party |James Cracknell|None|10,554|23.5|-28.8
Colchester|Reform UK|Terence Longstaff|None|6,664|14.8|
Colchester|Liberal Democrats |Martin Goss|None|6,393|14.2|-0.5
Colchester|Green Party of England and Wales|Sara Ruth|None|2,414|5.4|+2.5
Colchester|Climate Party|James Rolfe|None|8,250|18.4|
North West Essex|Conservative Party |Kemi Badenoch|winning|19,360|35.6|-26.1
North West Essex|Labour Party |Issy Waite|None|16,750|30.8|+17.0
North West Essex|Reform UK |Grant StClair-Armstrong|None|7,668|14.1|+14.1
North West Essex|Liberal Democrats |Smita Rajesh|None|6,055|11.1|-8.6
North West Essex|Green Party of England and Wales|Edward Gildea|None|2,846|5.2|+0.4
North West Essex|Independent|Andrew David Green|None|852|1.6|+1.6
North West Essex|Independent|Erik Bonino|None|699|1.3|+1.3
North West Essex|Independent|Niko Omilana|None|||
South West Norfolk|Labour Party |Terry Jermy|winning|11,847|26.7|+8.6
South West Norfolk|Conservative Party |Liz Truss|None|11,217|25.3|
South West Norfolk|Reform UK|Toby McKenzie |None|9,958|22.4|
South West Norfolk|Independent |James Bagge|None|6,282|14.2|
South West Norfolk|Liberal Democrats |Josie Ratcliffe|None|2,618|5.9|
South West Norfolk|Green Party of England and Wales|Pallavi Devulapalli|None|1,838|4.1|+1.1
South West Norfolk|Official Monster Raving Loony Party|Earl Elvis of East Anglia|None|338|0.7|
South West Norfolk|Heritage Party |Gary Conway|None|160|0.4|
South West Norfolk|Communist Party of Britain|Lorraine Douglas |None|630|1.4|
South Norfolk|Liberal Democrats |Christopher Brown|None|5,746|11.6|-5.4
South Norfolk|Independent |Paco Davila|None|254|0.5|+0.5
South Norfolk|Labour Party |Ben Goldsborough|None|17,353|35.0|+11.6
South Norfolk|Reform UK|Chris Harrison|None|7,583|15.3|+15.3
South Norfolk|Social Democratic Party |Jason Maguire|None|129|0.3|+0.3
South Norfolk|Green Party of England and Wales|Catherine Rowett|None|3,987|8.0|+4.8
South Norfolk|Conservative Party |Poppy Simister-Thomas|None|2,826|0|0
North West Norfolk |Conservative Party |James Wild |winning|16,097|36.1|-29.9
North West Norfolk |Labour Party |Tim Leaver|None|11,143|25.0|+2.4
North West Norfolk |Reform UK|Phil Walton|None|8,697|19.5|
North West Norfolk |Liberal Democrats |Rob Colwell|None|6,492|14.6|+6.9
North West Norfolk |Green Party of England and Wales|Michael de Whalley|None|||
Norwich South |Liberal Democrats |Sean Bennett|None|||
Norwich South |Reform UK|Graham Burton|None|||
Norwich South |Independent|Elizabeth Ashley Davey|None|||
Norwich South |Party of Women|Linda Jane Law|None|||
Norwich South |Labour Party |Clive Lewis |None|||
Norwich South |Green Party of England and Wales|Jamie Osborn|None|||
Norwich South |Conservative Party |David Simister-Thomas|None|||
Great Yarmouth|Reform UK|Rupert Lowe|winning|14,385|35.3|
Great Yarmouth|Labour Party |Keir Cozens|None|12,959|31.8|6.7
Great Yarmouth|Conservative Party |James Clark|None|10,034|24.6|-41.2
Great Yarmouth|Green Party of England and Wales|Trevor Rawson|None|1,736|4.3|1.9
Great Yarmouth|Liberal Democrats |Fionna Tod|None|1,102|2.7|-1.1
Great Yarmouth|Independent politician|Paul Brown|None|230|0.6|
Great Yarmouth|English Democrats|Catherine Blaiklock|None|171|0.4|
Great Yarmouth|Independent politician|Clare Roullier|None|1,426|3.5|
Norwich North|Liberal Democrats |Chicka Bilikisu Akinwale|None|2,073|4.5|-1.7
Norwich North|Independent politician|Fiona Ruth Grace|None|353|0.8|+0.8
Norwich North|Labour and Co-operative Party|Alice Macdonald|None|20,794|45.4|+6.5
Norwich North|Green Party of England and Wales|Ben Price|None|4,372|9.6|+7.3
Norwich North|Conservative Party |Charlotte Salomon|None|9,944|21.7|-29.9
Norwich North|Reform UK|Nick Taylor|None|10,850|23.7|
Broadland and Fakenham|Green Party of England and Wales|Jan Davis|None|||
Broadland and Fakenham|Liberal Democrats |Leyla Hannbeck|None|||
Broadland and Fakenham|Reform UK|Eric Masters|None|||
Broadland and Fakenham|Conservative Party |Jerome Mayhew|None|||
Broadland and Fakenham|Labour Party |Iain Simpson|None|||
Mid Norfolk|Conservative Party |George Freeman |None|16,770|36.5|-27.9
Mid Norfolk|Green Party of England and Wales|Ash Haynes|None|2,858|6.2|+5.9
Mid Norfolk|Liberal Democrats |Stuart Howard|None|3,126|6.8|-3.6
Mid Norfolk|Reform UK|Kabeer Kher|None|9,427|20.5|+20.5
Mid Norfolk|Labour Party |Michael Rosen|None|13,716|29.9|+7.0
North Norfolk|Liberal Democrats |Steffan Aquarone|winning|19,488|41.4|+11.0
North Norfolk|Conservative Party |Duncan Baker|None|16,903|35.9|-22.6
North Norfolk|Reform UK|Jason Patchett|None|6,368|13.5|+10.1
North Norfolk|Labour Party |Cathy Cordiner-Achenbach|None|2,878|6.1|-1.6
North Norfolk|Green Party of England and Wales|Liz Dixon|None|2,585|5.5|
Waveney Valley|Green Party of England and Wales|Adrian Ramsay|winning|20,467|41.7|32.4
Waveney Valley|Conservative Party |Richard Rout|None|14,874|30.3|-31.9
Waveney Valley|Reform UK|Scott Huggins|None|7,749|15.8|15.8
Waveney Valley|Labour Party |Gurpreet Padda|None|4,621|9.4|-9.2
Waveney Valley|Liberal Democrats |John Richard Shreeve|None|1,214|2.5|-6.7
Waveney Valley|Social Democratic Party |Maya Severyn|None|5,593|11.4|
South Suffolk|Liberal Democrats |Tom Bartleet|None|6,424|13.2|+0.5
South Suffolk|Labour Party |Emma Bishton|None|13,035|26.7|+7.5
South Suffolk|Green Party of England and Wales|Jessie Carter|None|4,008|8.2|+2.25
South Suffolk|Conservative Party |James Cartlidge|None|16,082|33.0|-29.1
South Suffolk|Reform UK|Bev England|None|3047|6.24|
Suffolk Coastal|Labour Party |Jenny Riddell-Carpenter|winning|15,672|31.7|+10.3
Suffolk Coastal|Conservative Party |Th|None|14,602|29.5|-26.9
Suffolk Coastal|Reform UK|Matthew Jackson|None|7,850|15.9|+15.9
Suffolk Coastal|Liberal Democrats |Julia Ewart|None|6,947|14.0|+4.5
Suffolk Coastal|Green Party of England and Wales|Julian Cusack|None|1,070|66|
Ipswich|Labour and Co-operative|Jack Abbott |winning|19,909|43.3|
Ipswich|Conservative Party |Tom Hunt |None|11,696|26.5|
Ipswich|Reform UK|Tony Love|None|7,027|15.9|
Ipswich|Green Party of England and Wales|Adria Pittock|None|3,652|8.3|
Ipswich|Liberal Democrats |James Sandbach|None|3,652|5.1|
Ipswich|Communist Party of Britain|Freddie Sofar|None|205|0.5|
Ipswich|Heritage Party |Terence Kevin Charles|None|151|0.3|
Central Suffolk and North Ipswich|Independent|Charlie Caiger |None|||
Central Suffolk and North Ipswich|Labour Party |Kevin Craig|None|||
Central Suffolk and North Ipswich|Independent|Mike Hallatt |None|||
Central Suffolk and North Ipswich|Liberal Democrats |Brett Mickelburgh |None|||
Central Suffolk and North Ipswich|Green Party of England and Wales|Daniel Pratt|None|||
Central Suffolk and North Ipswich|Conservative Party |Patrick Spencer|None|||
Bury St Edmunds and Stowmarket|Labour Party |Peter Prinsley|None|16,745|32.9|12.1
Bury St Edmunds and Stowmarket|Conservative Party |Will Tanner|None|15,293|30.1|-32.9
Bury St Edmunds and Stowmarket|Reform UK|Scott Hussey|None|8,595|16.9|
Bury St Edmunds and Stowmarket|Green Party of England and Wales|Emma Buckmaster|None|5,761|11.3|-1.1
Bury St Edmunds and Stowmarket|Liberal Democrats |Peter McDonald|None|3,154|6.2|5.1
Bury St Edmunds and Stowmarket|Independent politician|Jeremy Lee|None|819|1.6|
Bury St Edmunds and Stowmarket|Rejoin EU|Richard Baker-Howard|None|350|0.7|
Bury St Edmunds and Stowmarket|Communist Party of Britain|Darren Turner|None|||
West Suffolk|Conservative Party |Nick Timothy|winning|15,814|34.3|-30.3
West Suffolk|Labour Party |Rebecca Denness|None|12,567|27.2|+5.0
West Suffolk|Reform UK|David Bull |None|9,623|20.8|+20.8
West Suffolk|Liberal Democrats |Henry Batchelor|None|4,284|9.3|+0.3
West Suffolk|Green Party of England and Wales|Mark Ereira-Guyer|None|2,910|6.3|+1.8
West Suffolk|Independent|Katie Parker|None|485|1.1|+1.1
West Suffolk|Independent|Luke O'Brien|None|345|0.7|+0.7
West Suffolk|Social Democratic Party |Ivan Kinsman|None|3,247|32.47|-30.4
Barrow and Furness|Labour Party |Michelle Scrogham|winning|18,537|43.9|
Barrow and Furness|Conservative Party |Simon Fell |None|13,213|31.3|
Barrow and Furness|Reform UK |Barry Morgan|None|7,035|16.7|
Barrow and Furness|Liberal Democrats |Adrian Waite|None|1,680|4.0|
Barrow and Furness|Green Party of England and Wales|Lorraine Wrennall|None|1,466|3.5|
Barrow and Furness|Party of Women|Lisa Morgan|None|290|0.7|
Birkenhead|Green Party of England and Wales|Jo Bird|None|||
Birkenhead|Freedom Alliance |Catherine Evans|None|||
Birkenhead|Liberal Democrats |Stuart Kelly|None|||
Birkenhead|Labour Party |Alison McGovern|None|||
Birkenhead|Conservative Party |Sarah Payne|None|||
Birkenhead|Reform UK|Tony Stanley|None|||
Blackburn|Independent politician|Adnan Hussain|winning|10,518|27.0|
Blackburn|Labour Party |Kate Hollern|None|10,386|26.7|-39.3
Blackburn|Workers Party of Britain|Craig Murray|None|7,105|18.3|
Blackburn|Reform UK|Tommy Temperley|None|4,844|12.5|6.6
Blackburn|Conservative Party |Jamie McGowan|None|3,474|8.9|-14
Blackburn|Green Party of England and Wales|Denise Morgan|None|1,416|3.6|2.0
Blackburn|Liberal Democrats |Adam Waller-Slack|None|689|1.8|-0.6
Blackburn|Independent politician|Altaf Patel ''commonly known as'' Tiger Patel ''withdrawn''|None|369|0.9|
Blackburn|Independent|Natasha Shah|None|132|0.0|-40.9
Blackpool South|Independent politician|Stephen Black|None|261||
Blackpool South|Reform UK|Mark Butcher|None|10,068||
Blackpool South|Liberal Democrats |Andy Cregan|None|1,041||
Blackpool South|Conservative Party |Zak Farhan Khan|None|5,504||
Blackpool South|Alliance for Democracy and Freedom|Kim Knight|None|183||
Blackpool South|Green Party of England and Wales|Ben Thomas|None|1,207||
Blackpool South|Labour Party |Chris Webb |None|16,916||
Bootle|Conservative Party |Rowena Bass|None|||
Bootle|Reform UK|Darren Burns|None|||
Bootle|Green Party of England and Wales|Neil Doolin|None|||
Bootle|Labour Party |Peter Dowd|None|||
Bootle|Liberal Democrats |John Gibson|None|||
Bootle|Workers Party of Britain|Ian Smith|None|||
Fylde|Independent politician|Anne Aitken|None|4,513|9.4|+9.4
Fylde|Alliance for Democracy and Freedom|Cheryl Morrison|None|199|0.4|+0.4
Fylde|Conservative Party |Andrew Snowden|None|15,917|33.2|-29.0
Fylde|Green Party of England and Wales|Brenden Wilkinson|None|1,560|3.3|-0.2
Hyndburn|Conservative Party |Sara Britcliffe|None|||
Hyndburn|Green Party of England and Wales|Shabir Fazal|None|||
West Lancashire|Labour Party |Ashley Dalton|winning|22305|50.5|-1.6
West Lancashire|Conservative Party |Mike Prendergast|None|8680|19.6|-16.7
West Lancashire|Reform UK|Simon Evans|None|7909|17.9|+13.6
West Lancashire|Green Party of England and Wales|Charlotte Houltram|None|3263|7.4|+5
West Lancashire|Liberal Democrats |Graham Smith|None|2043|4.6|-0.3
Liverpool Riverside |Conservative Party |Jane Austin|None|||
Liverpool Riverside |Trade Unionist and Socialist Coalition|Roger Bannister|None|||
Liverpool Riverside |Green Party of England and Wales|Chris Coughlan |None|||
Liverpool Riverside |Reform UK|Gary Hincks|None|||
Liverpool Riverside |Labour Party |Kim Johnson |None|||
Liverpool Riverside |National Health Action Party|Stephen McNally|None|||
Liverpool Riverside |Liberal Democrats |Rebecca Turner|None|||
Liverpool Riverside |Liberal Party |Sean Weaver|None|||
Liverpool Walton|Labour Party |Dan Carden|None|26,032|70.6|-11.8
Liverpool Walton|Green Party of England and Wales|Martyn Madeley|None|2,388|6.5|+4.7
Liverpool Walton|Conservative Party |Emma Ware|None||54.9|
Liverpool Wavertree|Labour Party |Paula Barker|None|||
Liverpool Wavertree|Green Party of England and Wales|Tom Crone|None|||
Liverpool Wavertree|Conservative Party |Charlotte Eagar|None|||
Liverpool Wavertree|Independent politician|Mohamed El Ghady|None|||
Liverpool Wavertree|Reform UK|Adam Heatherington|None|||
Liverpool Wavertree|Liberal Democrats |Rob McAlister-Bell|None|||
Liverpool Wavertree|Independent politician|Joe Owens|None|||
Liverpool Wavertree|Independent|Ann San|None|||
Liverpool West Derby|Labour Party |Ian Byrne|winning|25,302|66.6|
Liverpool West Derby|Reform UK|Jack Boyd|None|4,879|12.8|+7.9
Liverpool West Derby|Green Party of England and Wales|Maria Coughlan|None|2,647|7|+5.1
Liverpool West Derby|Liberal Party |Steve Radford|None|2,336|6.1|+2.2
Liverpool West Derby|Conservative Party |Charlotte Duthie|None|1,566|4.1|-4.5
Liverpool West Derby|Liberal Democrats |Kayleigh Halpin|None|20423|53.8|
Morecambe and Lunesdale|Labour Party |Lizzi Collinge|winning|||
Morecambe and Lunesdale|Green Party of England and Wales|Gina Dowding|None|||
Morecambe and Lunesdale|Liberal Democrats |Peter Jackson|None|||
Morecambe and Lunesdale|Conservative Party |David Morris |None|||
Morecambe and Lunesdale|Reform UK |Barry Parsons|None|||
Preston|Labour and Co-operative|Mark Hendrick|winning|14,006|35.0|
Preston|Independent |Michael Lavalette|None|8,715|21.8|
Preston|Reform UK|James Elliot|None|5,738|14.3|
Preston|Conservative Party |Trevor Hart|None|5,212|13.0|
Preston|Liberal Democrats |Neil Darby|None|3,195|8.0|
Preston|Green Party of England and Wales|Isabella Metcalf-Riener|None|1,751|4.4|
Preston|Independent |Yousuf Bhailok|None|891|2.2|
Preston|Rejoin EU |Joseph O'Meachair|None|216|0.5|
Preston|Alliance for Democracy and Freedom|David Brooks|None|145|0.4|
Preston|UK Independence Party|Derek Kileen|None|5,291|13.2|
South Ribble|Labour Party |Paul Foster |winning|19,840|42.5|
South Ribble|Conservative Party |Katherine Fletcher|None|13,339|28.6|
South Ribble|Reform UK|Andy Hunter|None|8,995|19.3|
South Ribble|Liberal Democrats |Angela Turner|None|2,972|6.4|
South Ribble|Green Party of England and Wales|Stephani Mok|None|6,501|13.9|
Ribble Valley|Labour Party |Maya Ellis|None|18,177|34.9|+7.3
Ribble Valley|Conservative Party |Nigel Evans|None|17,321|33.3|
Ribble Valley|Reform UK|John Carroll|None|8,524|16.4|
Ribble Valley|Liberal Democrats |John Potter|None|5,001|9.6|+1.6
Ribble Valley|Green Party of England and Wales|Caroline Montague|None|1,727|3.3|+0.5
Ribble Valley|Independent politician|Qasim Ajmi|None|856|1.6|
Rossendale and Darwen|Labour Party |Andy MacNae|winning|18,247|40.9|+4.3
Rossendale and Darwen|Conservative Party|Jake Berry|None|12,619|28.3|
Rossendale and Darwen|Green Party of England and Wales|Bob Bauld|None|2,325|5.2|+2.7
Rossendale and Darwen|Liberal Democrats |Rowan Fitton|None|1,241|2.8|
Rossendale and Darwen|Workers Party of Britain|Tayub Ali|None|5,628|13.0|-6.5
St Helens North|Labour Party |David Baines|None|||
St Helens North|English Constitution Party|Joe Greenhalgh|None|||
St Helens North|Liberal Democrats |Pat Moloney|None|||
St Helens North|Conservative Party |Jayne Rear|None|||
St Helens North|Green Party of England and Wales|Daniel Thomas|None|||
St Helens North|Reform UK|Malcolm Webster|None|||
Sefton Central |Conservative Party |Marcus Bleasdale|None|||
Sefton Central |Reform UK|Nagender Chindam|None|||
Sefton Central |Green Party of England and Wales|Kieran Dams|None|||
Sefton Central |Labour Party |Bill Esterson|None|||
Sefton Central |Independent politician|Ralph James|None|||
Sefton Central |Liberal Democrats |Gareth Lloyd-Johnson|None|||
Southport|Labour Party |Patrick Hurley |None|17,252|38.3|
Southport|Conservative Party |Damien Moore|None|11,463|25.4|
Southport|Reform UK|Andrew Lynn|None|7,395|16.4|
Southport|Liberal Democrats |Erin Harvey|None|5,868|13|
Southport|Green Party of England and Wales|Edwin Black|None|2,159|4.8|
Southport|Independent politician|Sean Halsall|None|||
St Helens South and Whiston|Conservative Party |Emma Ellison|None|||
St Helens South and Whiston|Reform UK|Raymond Peters|None|||
St Helens South and Whiston|Green Party of England and Wales|Terence Price|None|||
St Helens South and Whiston|Labour Party |Marie Rimmer|None|||
St Helens South and Whiston|Liberal Democrats |Brian Spencer|None|||
St Helens South and Whiston|Independent politician|James Tasker|None|||
Wallasey |Labour Party |Angela Eagle|None|24,674|57.7|-6.0
Wallasey |Reform UK|David Burgess-Joyce|None|6,678|15.6|+11.5
Wallasey |Conservative Party |Robbie Lammas|None|4,987|11.7|-14.2
Wallasey |Green Party of England and Wales|Jane Turner|None|3,905|9.1|+6.7
Wallasey |Liberal Democrats |Vicky Downie|None|1,843|4.3|+0.4
Wallasey |Workers Party of Britain|Philip Bimpson|None|462|1.1|+1.1
Wallasey |Freedom Alliance|Ian Pugh|None|17,996|42.1|
Westmorland and Lonsdale|Liberal Democrats |Tim Farron|winning|31,061|62.7|+22.0
Westmorland and Lonsdale|Conservative Party |Matty Jackman|None|9,589|19.4|-30.8
Westmorland and Lonsdale|Reform UK|James Townley|None|4,842|9.8|+8.7
Westmorland and Lonsdale|Independent politician|John Studholme|None|111|0.2|+0.2
Westmorland and Lonsdale|Social Democratic Party |Wendy Long|None|21,472|62.7|+43.3
Wirral West|Labour Party |Matthew Patrick |None|23,156|46|
Wirral West|Conservative Party |Jenny Johnson|None|13,158|26|
Wirral West|Reform UK|Ken Ferguson|None|6,422|13|
Wirral West|Green Party of England and Wales|Gail Jenkinson|None|4,160|8|
Wirral West|Liberal Democrats |Peter Reisdorf|None|3,055|6|
Carlisle|Labour Party |Julie Minns|winning|18,129|39.4|+4.9
Carlisle|Conservative Party |John Stevenson |None|12,929|28.1|-28.4
Carlisle|Reform UK|Stephen Ward|None|9,295|20.5|+20.5
Carlisle|Liberal Democrats |Brian Wernham|None|2,982|6.5|+1.5
Carlisle|Green Party of England and Wales|Gavin Hawkton|None|1,922|4.2|+2.6
Carlisle|Independent politician|Sean Clifford Reed|None|303|0.7|+0.7
Carlisle|Social Democratic Party |Rachel Hayton|None|244|0.5|+0.5
Carlisle|Independent politician|Thomas Alexander Ben Lynestrider|None|175|0.4|+0.4
Chorley|Speaker of the House of Commons |Lindsay Hoyle|winning|25,238|74.3|+7.0
Chorley|Green Party of England and Wales|Mark Tebbutt|None|4,663|13.7|+4.7
Chorley|Democracy for Chorley|Ben Holden-Crowther|None|2,424|7.1|+7.1
Chorley|English Constitution Party|Graham Moore|None|1,007|3.0|+3.0
Chorley|TUSC|Martin Powell-Davies|None|20,575||
Burnley|Liberal Democrats |Gordon Birtwistle|None|||
Burnley|Independent politician|Mitchell Cryer|None|||
Burnley|Independent politician|Rayyan Fiass|None|||
Burnley|Conservative Party |Antony Higginbotham|None|||
Burnley|Green Party of England and Wales|Jack Launer|None|||
Burnley|Reform UK|Nathan McCollum|None|||
Burnley|Independent politician|David Roper|None|0||
Burnley|Labour and Co-operative Party |Oliver Ryan|None|||
Knowsley|Labour Party |Anneliese Midgley|None|24,243|67.3|-12.3
Knowsley|Reform UK|Alexander Hitchmough|None|5,924|16.4|+10.1
Knowsley|Green Party of England and Wales|Graham Wickens|None|2,772|7.7|+5.7
Knowsley|Conservative Party |Sherrie McDaid|None|1,496|4.2|-4.5
Knowsley|Liberal Democrats |Kate Tipton|None|1,232|3.4|+0.9
Knowsley|Workers Party of Britain|Graham Padden|None|245|0.7|+0.7
Knowsley|Social Democratic Party |Patricia Jameson|None|18,319|50.9|-21.8
Bolton West|Labour Party |Phil Brickell|winning|17,363||
Bolton West|Conservative Party |Chris Green |None|12,418||
Bolton West|Reform UK|Dylan Evans|None|8,517||
Bolton West|Green Party of England and Wales|Vicki Attenborough|None|4,132||
Bolton West|Liberal Democrats |Donald McIntosh|None|1,966||
Bolton West|English Democrats|Patrick McGrath|None|||
Bolton North East|Green Party of England and Wales|Hanif Alli|None|4,683|10.8|+9.2
Bolton North East|Independent politician|Kevin Allsop|None|345|0.8|+0.8
Bolton North East|Labour Party |Kirith Entwistle|None|16,166|37.3|-5.1
Bolton North East|Liberal Democrats |Rebecca Forrest|None|1,507|3.5|-0.9
Bolton North East|Reform UK|Trevor Jones|None|9,428|21.7|+15.2
Bolton North East|Workers Party of Britain|Syeda Misbah Kazmi|None|1,463|3.4|+3.4
Bolton North East|Independent politician|John Partington|None|254|0.6|+0.6
Manchester Withington|Conservative Party |Adele Warren|None|9,513|21.9|-23.1
Manchester Withington|Labour Party |Jeff Smith |winning|22,066|52.9|
Manchester Withington|Green Party of England and Wales|Sam Easterby-Smith|None|8,084|19.4|
Manchester Withington|Liberal Democrats |Richard Kilpatrick|None|5,412|13.0|
Manchester Withington|Conservative Party |Sarah Garcia de Bustos|None|2,280|5.5|
Manchester Withington|Reform UK|Kaine Williams|None|1,961|4.7|
Manchester Withington|Workers Party of Britain|Lizzie Greenwood|None|1,774|4.3|
Manchester Withington|Social Democratic Party |Wendy Andrew|None|13,982||
Whitehaven |Conservative Party |Andrew Johnson|None|8,455|20.2|-28.2
Whitehaven |Labour Party |Josh MacAlister|None|22,173|52.9|+8.8
Whitehaven |Green Party of England and Wales|Jill Perry|None|1,207|2.9|+1.7
Whitehaven |Reform UK|David Surtees|None|8,887|21.2|-
Whitehaven |Liberal Democrats |Chris Wills|None|13,286|31.7|
Penrith and Solway|Labour Party |Markus Campbell-Savours|winning|19,986|40.6|+10.4
Penrith and Solway|Conservative Party |Mark Jenkinson|None|14,729|29.9|-24.9
Penrith and Solway|Reform UK|Matthew Moody|None|7,624|15.5|+13.7
Penrith and Solway|Liberal Democrats |Julia Aglionby|None|4,742|9.6|+1.5
Penrith and Solway|Green Party of England and Wales|Susan Denham-Smith|None|1,730|3.5|+0.4
Penrith and Solway|Independent politician|Chris Johnston|None|195|0.4|+0.4
Penrith and Solway|Social Democratic Party |Shaun Long|None|156|0.3|+0.3
Penrith and Solway|Independent politician|Roy Ivinson|None|||
Chester South and Eddisbury|Conservative Party |Aphra Brandreth|winning|19,905|37.9|-21.3
Chester South and Eddisbury|Labour Party |Angeliki Stogia|None|16,848|32.1|+10.6
Chester South and Eddisbury|Reform UK|Peter Langley|None|6,414|12.2|+11.2
Chester South and Eddisbury|Liberal Democrats |Rob Herd|None|5,430|10.3|-5.0
Chester South and Eddisbury|Green Party of England and Wales|Steve Davies|None|2,278|4.3|+2.2
Chester South and Eddisbury|Independent politician|Gillian Edwards|None|52,486|71|-6
Chester North and Neston|Green Party of England and Wales|Nick Brown|None|||
Chester North and Neston|Labour Party |Samantha Dixon|None|||
Chester North and Neston|Conservative Party |Simon Eardley|None|||
Chester North and Neston|Reform UK|Nicholas Goulding|None|||
Ellesmere Port and Bromborough|Liberal Democrats |Stephen Gribbon|None|||
Ellesmere Port and Bromborough|Labour Party |Justin Madders|winning|24,186|57.6|-1.7
Ellesmere Port and Bromborough|Reform UK|Michael Aldred|None|7,278|17.3|+13.0
Ellesmere Port and Bromborough|Conservative Party |Lee Evans|None|5,210|12.4|-14.7
Ellesmere Port and Bromborough|Green Party of England and Wales|Harry Gorman|None|2,706|6.4|+4.5
Ellesmere Port and Bromborough|Liberal Democrats |Chris Carubia|None|2,328|5.5|-1.9
Ellesmere Port and Bromborough|Independent politician|Ruth Boulton|None|41,964|59.3|-4.4
Bolton South and Walkden|Independent politician|Don Prof Reis Abraham Halliwell Prf|None|433|1.2|+1.2
Bolton South and Walkden|Conservative Party |Mohammed Afzal|None|4,170|11.3|
Bolton South and Walkden|Liberal Democrats |Gemma-Jane Bowker|None|1,384|3.7|-0.2
Bolton South and Walkden|Workers Party of Britain|Jack Khan|None|4,673|12.7|+12.7
Bolton South and Walkden|Green Party of England and Wales|Philip Kochitty|None|2,827|7.7|+5.3
Bolton South and Walkden|Reform UK|Julie Pattison|None|8,350|22.6|+17.2
Bolton South and Walkden|Labour Party |Yasmin Qureshi|None|||
Worsley and Eccles|Workers Party of Britain|Nas Barghouti|None|||
Worsley and Eccles|Reform UK|Craig Birtwistle|None|||
Worsley and Eccles|Liberal Democrats |Jemma |None|||
Worsley and Eccles|Trade Unionist and Socialist Coalition|Sally Griffiths|None|||
Worsley and Eccles|Green Party of England and Wales|David Jones|None|||
Worsley and Eccles|Conservative|Bradley Mitchell|None|||
Worsley and Eccles|Independent|Danny Moloney|None|||
Pendle and Clitheroe|Labour Party |Michael Wheeler |None|||
Pendle and Clitheroe|Labour Party |Jonathan Hinder|winning|16,129|34.5|+1.4
Pendle and Clitheroe|Conservative Party |Andrew Stephenson|None|15,227|32.6|-24.3
Pendle and Clitheroe|Reform UK|Victoria Fletcher|None|8,171|17.5|
Pendle and Clitheroe|Independent|Zulfikar Ali Khan|None|3,108|6.6|
Pendle and Clitheroe|Liberal Democrats |Anna Fryer|None|2,039|4.4|-2.9
Pendle and Clitheroe|Green Party of England and Wales|Lex Kristan|None|1,421|3.0|+0.9
Pendle and Clitheroe|Workers Party of Britain|Syed Muarif Hashmi|None|336|0.7|
Pendle and Clitheroe|Rejoin EU|Christopher Thompson|None|190|0.4|
Pendle and Clitheroe|Independent|Tony Johnson|None|133|0.3|
Manchester Central |Labour and Co-operative|Lucy Powell|winning|20,184|50.8|
Manchester Central |Green Party of England and Wales|Ekua Bayunu|None|6,387|16.1|+12.5
Manchester Central |Reform UK|David Brown|None|4,760|12.0|
Manchester Central |Liberal Democrats |Chris Northwood|None|3,051|7.7|+4.6
Manchester Central |Conservative Party |Scott Smith|None|2,823|7.1|
Manchester Central |Workers Party of Britain|Parham Hashemi|None|1,888|4.8|
Manchester Central |Social Democratic Party |Sebastian Moore|None|240|0.6|
Manchester Central |Independent politician|Sabeena Khan|None|202|0.5|
Manchester Central |Communist Future|Catriona Rylance|None|131|0.3|
Manchester Central |Independent politician|Albati Kalonda|None|59|0.1|
Falkirk|Scottish Labour|Euan Stainbank|winning|18,343|43.0|+30.9
Falkirk|Scottish National Party|Toni Giugliano|None|13,347|31.3|-20.5
Falkirk|Scottish Conservatives|James Bundy|None|3,576|8.4|-17.5
Falkirk|Reform UK|Keith Barrow|None|3,375|7.9|+7.5
Falkirk|Scottish Greens|Rachel Kidd|None|1,711|4.0|+0.9
Falkirk|Scottish Liberal Democrats|Tim McKay|None|1,092|2.6|-4.2
Falkirk|Independent|Mark Tunnicliff|None|600|1.4|
Falkirk|Alba Party|Zohaib Arshad|None|581|1.4|
Glasgow East|Scottish Labour|John Grady |winning|15,543|43.8|
Glasgow East|Scottish National Party|David Linden |None|11,759|33.2|
Glasgow East|Scottish Green Party|Amy Kettyles|None|2,727|7.7|
Glasgow East|Reform UK|Donnie McLeod|None|2,371|6.7|
Glasgow East|Scottish Conservatives|Thomas Kerr|None|1,707|4.8|
Glasgow East|Scottish Liberal Democrats|Matthew Clark|None|872|2.5|
Glasgow East|Scottish Socialist Party|Liam McLaughlan|None|3,784||
Glasgow North|Scottish Labour|Martin Rhodes|winning|14,655|42.2|+8.1
Glasgow North|Scottish National Party|Alison Thewliss|None|11,116|32.0|-15.6
Glasgow North|Scottish Green Party|Iris Duane|None|4,233|12.2|+8.5
Glasgow North|Reform UK|Helen Burns|None|1,655|4.8|+4.2
Glasgow North|Scottish Conservatives|Naveed Asghar|None|1,366|3.9|-4.9
Glasgow North|Scottish Liberal Democrats|Daniel O'Malley|None|1,142|3.3|-1.9
Glasgow North|Alba Party|Nick Durie|None|3,539|10.2|-2.2
 Glasgow North East|Scottish Labour|Maureen Burke|winning|15,639|45.9|+8.2
 Glasgow North East|Scottish National Party|Anne McLaughlin|None|11,002|32.3|-15.5
 Glasgow North East|Scottish Green Party|Ewan Lewis|None|2,471|7.2|
 Glasgow North East|Reform UK|Jonathan Walmsley|None|2,272|6.7|
 Glasgow North East|Scottish Conservatives|Robert Henry Connelly|None|1,182|3.5|-7.5
 Glasgow North East|Scottish Liberal Democrats|Sheila Thomson|None|592|1.7|-1.7
 Glasgow North East|Alba Party|Catherine McKernan|None|551|1.6|
 Glasgow North East|TUSC|Chris Sermanni|None|236|0.7|
 Glasgow North East|Communist Party of Britain|Gary Steele|None|||
Glasgow South|Scottish Labour|Gordon McKee |winning|17,696|41.8|+12.3
Glasgow South|Scottish National Party|Stewart McDonald |None|13,542|32.0|-16.3
Glasgow South|Scottish Green Party|Niall Christie|None|5,554|13.1|+10.5
Glasgow South|Reform UK|Danny Raja|None|1,736|4.1|+3.2
Glasgow South|Scottish Conservatives|Haroun Malik|None|1,617|3.8|-8.9
Glasgow South|Scottish Liberal Democrats|Peter McLaughlin|None|1,316|3.1|-2.9
Glasgow South|TUSC|Brian Smith|None|473|1.1|
Glasgow South|Alba Party|Dhruva Kumar|None|4,154||
Kilmarnock and Loudoun|Scottish Labour|Lillian Jones|winning|19,055|44.9|+26.0
Kilmarnock and Loudoun|Scottish National Party|Alan Brown |None|13,936|32.8|-18.0
Kilmarnock and Loudoun|Scottish Conservatives|Jordan Cowie|None|3,527|8.3|-16.0
Kilmarnock and Loudoun|Reform UK|William Thomson|None|3,472|8.2|
Kilmarnock and Loudoun|Scottish Greens|Bex Glen|None|1,237|2.9|
Kilmarnock and Loudoun|Scottish Liberal Democrats|Edward Thornley|None|850|2.0|-3.1
Kilmarnock and Loudoun|Independent|Stephen MacNamara|None|401|0.9|
West Aberdeenshire and Kincardine|Scottish Conservatives|Andrew Bowie |winning|17,428|35.6|-7.1
West Aberdeenshire and Kincardine|Scottish National Party|Glen Reynolds|None|13,987|28.6|-12.5
West Aberdeenshire and Kincardine|Labour Party |Kate Blake|None|6,397|13.1|+8.5
West Aberdeenshire and Kincardine|Scottish Liberal Democrats|Michael Turvey|None|6,342|13|1.3
West Aberdeenshire and Kincardine|Reform UK|Brandon Innes|None|3,497|7.1|7.1
West Aberdeenshire and Kincardine|Scottish Green Party|William Linegar|None|1,032|2.1|2.1
West Aberdeenshire and Kincardine|Independent|Iris Leask|None|219|0.4|0.4
West Aberdeenshire and Kincardine|Independent|David Neil|None|56|0.1|0.1
North Ayrshire and Arran|Scottish Labour|Irene Campbell|winning|16,821|39.8|+25.9
North Ayrshire and Arran|Scottish National Party|Patricia Gibson|None|13,270|31.4|-17.1
North Ayrshire and Arran|Scottish Conservatives|Todd Ferguson|None|5,954|14.1|-16.7
North Ayrshire and Arran|Reform UK|Michael Mann|None|3,415|8.1|
North Ayrshire and Arran|Scottish Greens|Cara McKee|None|1,327|3.1|+0.8
North Ayrshire and Arran|Scottish Liberal Democrats|Gillian Cole-Hamilton|None|1,005|2.4|-2.0
North Ayrshire and Arran|Social Democratic Party |Ian Gibson|None|238|0.6|
North Ayrshire and Arran|Socialist Labour Party |James McDaid|None|3,551|8.4|
 Paisley and Renfrewshire South |Scottish Labour Party|Johanna Baxter|winning|19,583|47.4|+21.6
 Paisley and Renfrewshire South |Scottish National Party|Jacqueline Cameron|None|13,056|31.6|-18.2
 Paisley and Renfrewshire South |Reform UK|Jim McIlroy|None|2,956|7.2|
 Paisley and Renfrewshire South |Scottish Conservatives|Alec Leishman|None|2,219|5.4|-12.8
 Paisley and Renfrewshire South |Scottish Greens|Athol Bond|None|1,724|4.2|
 Paisley and Renfrewshire South |Scottish Liberal Democrats|Jack Clark|None|1,315|3.2|-3.0
 Paisley and Renfrewshire South |Independent|Paul Mack|None|317|0.8|
 Paisley and Renfrewshire South |Freedom Alliance |Mark Niven Turnbull|None|6,527|15.8|
Paisley and Renfrewshire North|Scottish Labour|Alison Taylor |winning|19,561|47.1|+23.4
Paisley and Renfrewshire North|Scottish National Party|Gavin Newlands|None|13,228|31.9|-17.0
Paisley and Renfrewshire North|Reform UK|Andrew Scott|None|3,228|7.8|+7.5
Paisley and Renfrewshire North|Scottish Conservatives|David McGonigle|None|2,659|6.4|-13.1
Paisley and Renfrewshire North|Scottish Greens|Jen Bell|None|1,469|3.5|
Paisley and Renfrewshire North|Scottish Liberal Democrats|Grant Toghill|None|6,333|15.2|
Livingston|Scottish National Party|Hannah Bardell|None|14,796|33.0|-14.3
Livingston|Scottish Conservatives|Damian Doran-Timson|None|3,469|7.7|-14.2
Livingston|Alba Party|Debbie Ewen|None|545|1.2|+1.2
Livingston|Scottish Liberal Democrats|Caron Lindsay|None|2,025|4.5|-1.7
Livingston|Reform UK|David McLennan|None|3,977|8.9|+8.9
Livingston|Scottish Labour|Gregor Poynton|None|||
 Glasgow South West|Scottish Labour|Zubir Ahmed|winning|15,552|43.6|+9.8
 Glasgow South West|Scottish National Party|Chris Stephens|None|12,267|34.4|-12.3
 Glasgow South West|Scottish Green Party|John Hamelink|None|2,727|7.6|6.8
 Glasgow South West|Reform UK|Morag McRae|None|2,236|6.3|+4.7
 Glasgow South West|Scottish Conservatives|Mamun Rashid|None|1,387|3.9|-8.7
 Glasgow South West|Scottish Liberal Democrats|Paul McGarry|None|958|2.7|-1.7
 Glasgow South West|Alba Party|Tony Osy|None|3,285|9.2|
Edinburgh South|Scottish Labour|Ian Murray |winning|24,976|53.3|+5.6
Edinburgh South|Scottish National Party|Simita Kumar|None|7,725|16.5|-8.9
Edinburgh South|Scottish Greens|Jo Phillips|None|4,270|9.1|+6.4
Edinburgh South|Scottish Conservatives|Christopher Cowdy|None|4,001|8.5|-7.9
Edinburgh South|Scottish Liberal Democrats|Andy Williamson|None|2,746|5.9|-1.8
Edinburgh South|Reform UK|Cameron Rose|None|1,845|3.9|
Edinburgh South|Independent|Alex Martin|None|466|1.0|
Edinburgh South|Alba Party|Lynne Lyon|None|454|1.0|
Edinburgh South|Scottish Family Party|Phil Holden|None|267|0.6|
Edinburgh South|Independent|Mark Rowbotham|None|76|0.2|
Inverness|Scottish National Party|Drew Hendry|None|||
Inverness|Reform UK|Dillan Hill|None|||
Inverness|Scottish Liberal Democrats|Angus MacDonald|None|||
Inverness|Scottish Green Party|Peter Newman|None|||
Inverness|Socialist Equality Party |Darren Paxton|None|||
Inverness|Scottish Labour Party|Michael Perera|None|||
Inverness|Scottish Conservatives|Ruraidh Stewart|None|||
Angus and Perthshire Glens|Scottish National Party|Dave Doogan|winning|19,142|40.4|
Angus and Perthshire Glens|Scottish Conservatives|Stephen Kerr|None|14,272|30.1|
Angus and Perthshire Glens|Scottish Labour|Elizabeth Carr-Ellis|None|6,799|14.4|
Angus and Perthshire Glens|Reform UK|Kenneth Morton|None|3,246|6.9|
Angus and Perthshire Glens|Scottish Liberal Democrats|Claire McLaren|None|3,156|6.7|
Angus and Perthshire Glens|Independent |Dan Pe|None|4,870|10.3|
Argyll|Scottish National Party|Brendan O'Hara|winning|15,582|34.7|
Argyll|Scottish Conservatives|Amanda Hampsey|None|9,350|20.8|
Argyll|Scottish Labour|Hamish Maxwell|None|8,585|19.1|
Argyll|Scottish Liberal Democrats|Alan Reid |None|7,359|16.4|
Argyll|Reform UK|Melanie Hurst|None|3,045|6.8|
Argyll|Independent politician|Tommy Macpherson|None|6,232|13.9|
West Dunbartonshire|Scottish Labour|Douglas McAllister|winning|19,312|48.8|+20.2
West Dunbartonshire|Scottish National Party|Martin Docherty-Hughes|None|13,302|33.6|-16.1
West Dunbartonshire|Reform UK|David Smith|None|2,770|7.0|
West Dunbartonshire|Scottish Greens|Paula Baker|None|1,496|3.8|+1.9
West Dunbartonshire|Conservative Party |Maurice Corry|None|1,474|3.7|-10.5
West Dunbartonshire|Liberal Democrats |Paul Donald Kennedy|None|839|2.1|-2.1
West Dunbartonshire|Scottish Family Party|Andrew Muir|None|318|0.8|
West Dunbartonshire|Sovereignty|Kelly Wilson|None|73|0.2|
North East Fife|Scottish Liberal Democrats|Wendy Chamberlain|winning|23,384|54.7|+15.2
North East Fife|Scottish National Party|Stefan Hoggan-Radu|None|9,905|23.2|-17.8
North East Fife|Scottish Labour Party |Jennifer Gallagher|None|4,026|9.4|+3.9
North East Fife|Reform UK|Matthew Wren|None|2,094|4.9|+4.5
North East Fife|Scottish Conservatives|Bill Bowman |None|1,666|3.9|-9.8
North East Fife|Scottish Greens|Morven Ovenstone-Jones|None|||
Aberdeenshire North and Moray East|Scottish National Party|Seamus Logan|winning|13,455|35.2|-7.9
Aberdeenshire North and Moray East|Conservative Party |Douglas Ross |None|12,513|32.8|-15.5
Aberdeenshire North and Moray East|Reform UK|Jo Hart|None|5,562|14.6|
Aberdeenshire North and Moray East|Labour Party |Andy Brown|None|3,876|10.1|+5.9
Aberdeenshire North and Moray East|Liberal Democrats |Ian Bailey|None|2,782|7.3|+2.9
Alloa and Grangemouth|Scottish Labour|Brian Leishman|winning|18,039|43.8|+29.3
Alloa and Grangemouth|Scottish National Party|John Nicolson|None|11,917|28.9|-23.8
Alloa and Grangemouth|Reform UK|Richard Fairley|None|3,804|9.2|+8.8
Alloa and Grangemouth|Scottish Conservatives|Rachel Nunn|None|3,127|7.6|-17.2
Alloa and Grangemouth|Scottish Greens|Nariese Whyte|None|1,421|3.4|+1.9
Alloa and Grangemouth|Scottish Liberal Democrats|Adrian May|None|1,151|2.8|-2.5
Alloa and Grangemouth|Independent |Eva Comrie|None|881|2.1|+2.1
Alloa and Grangemouth|Alba Party|Kenny MacAskill|None|638|1.5|+1.5
Alloa and Grangemouth|Workers Party of Britain|Tom Flanagan|None|223|0.5|+0.5
Arbroath and Broughty Ferry|Scottish National Party|Stephen Gethins|winning|15,581|35.3|-15.6
Arbroath and Broughty Ferry|Scottish Labour|Cheryl-Ann Cruickshank|None|14,722|33.4|+23.2
Arbroath and Broughty Ferry|Scottish Conservatives|Richard Brooks|None|6,841|15.5|-14.8
Arbroath and Broughty Ferry|Reform UK|Gwen Wood|None|3,800|8.6|+8.6
Arbroath and Broughty Ferry|Scottish Liberal Democrats|David Evans|None|2,249|5.1|+8.6
Arbroath and Broughty Ferry|Alba Party|Ghazi Khan|None|693|1.6|+1.6
Arbroath and Broughty Ferry|Sovereignty|Moira Brown|None|44,117|58|-10
Bathgate and Linlithgow|Labour and Co-operative|Kirsteen Sullivan|winning|19,774|47.0|
Bathgate and Linlithgow|Scottish National Party|Martyn Day |None|11,451|27.2|
Bathgate and Linlithgow|Reform UK|Jamie McNamee|None|3,524|8.4|
Bathgate and Linlithgow|Scottish Conservatives|Lynn Munro|None|3,144|7.5|
Bathgate and Linlithgow|Scottish Liberal Democrats|Sally Pattle|None|2,171|5.2|
Bathgate and Linlithgow|Scottish Greens|Simon Jay|None|1,390|3.3|
Bathgate and Linlithgow|Independence for Scotland Party|John Hannah|None|382|0.9|
Bathgate and Linlithgow|Independent politician|Stuart James McArthur|None|8,323|19.8|
Dundee Central|Scottish National Party|Chris Law|winning|15,544|40.0|
Dundee Central|Labour Party |Richard McCready|None|14,869|38.3|
Dundee Central|Scottish Liberal Democrats|Daniel Coleman|None|2,402|6.2|
Dundee Central|Reform UK|Vicky McCann|None|2,363|6.1|
Dundee Central|Scottish Conservative and Unionist Party|Emma Farquhar|None|1,569|4.0|
Dundee Central|Alba Party|Alan Ross|None|813|2.1|
Dundee Central|TUSC|Jim McFarlane|None|600|1.5|
Dundee Central|Scottish Family Party|Susan Ettle|None|357|0.9|
Dundee Central|Workers Party of Britain|Raymond Mennie|None|192|0.5|
Dundee Central|Independent|Niko Omilana|None|||
Dunfermline and Dollar|Scottish Labour Party|Graeme Downie|winning|20,336|45.7|+22.1
Dunfermline and Dollar|Scottish National Party|Naz Anis Miah|None|12,095|27.2|-17.1
Dunfermline and Dollar|Scottish Conservatives|Thomas Heald|None|3,297|7.4|-14.1
Dunfermline and Dollar|Scottish Liberal Democrats|Lauren Buchanan-Quigley|None|3,181|7.1|-1.3
Dunfermline and Dollar|Reform UK|Udo van den Brock|None|2,887|6.5|+6.5
Dunfermline and Dollar|Scottish Greens|Ryan Blackadder|None|2,078|6.5|+6.5
Dunfermline and Dollar|Independent politician|Graham Hadley|None|324|0.7|+0.7
Dunfermline and Dollar|Scottish Family Party|Danny Smith|None|251|0.6|+0.6
Dunfermline and Dollar|Independent politician|George Morton|None|8,241|18.5|
East Kilbride and Strathaven|Scottish Labour Party|Joani Reid|winning|22,682|48.6|+27.0
East Kilbride and Strathaven|Scottish National Party|Grant Costello|None|13,625|29.2|-17.8
East Kilbride and Strathaven|Scottish Conservative Party|Ross Lambie|None|3,547|7.6|-13.8
East Kilbride and Strathaven|Reform UK|David Mills|None|3,377|7.2|
East Kilbride and Strathaven|Scottish Greens|Ann McGuinness|None|1,811|3.9|+1.8
East Kilbride and Strathaven|Scottish Liberal Democrats|Aisha Mir|None|1,074|2.3|-4.6
East Kilbride and Strathaven|Scottish Family Party|David Richardson|None|505|1.1|
East Kilbride and Strathaven|UKIP|Donald Mackay|None|9,057|19.4|
Gordon and Buchan|Scottish Conservatives|Harriet Cross |winning|14,418||
Gordon and Buchan|Scottish National Party|Richard Thomson |None|13,540||
Gordon and Buchan|Scottish Liberal Democrats|Conrad Wood|None|7,307||
Gordon and Buchan|Scottish Labour|Nurul Hoque Ali|None|4,686||
Gordon and Buchan|Reform UK|Kris Callander|None|166||
Inverclyde and Renfrewshire West  |Scottish Labour Party|Martin McCluskey|None|18,931|46.9|+18.7
Inverclyde and Renfrewshire West  |Scottish National Party|Ronnie Cowan |None|12,560|31.1|-16.4
Inverclyde and Renfrewshire West  |Scottish Conservatives |Ted Runciman |None|2,863|7.1|-10.8
Inverclyde and Renfrewshire West  |Reform UK|Simon Moorehead |None|2,476|6.1|+6.1
Inverclyde and Renfrewshire West  |Scottish Liberal Democrats|Ross Stalker|None|1,259|3.1|-3.3
Inverclyde and Renfrewshire West  |Scottish Green |Iain Hamilton |None|1,173|2.9|+2.9
Inverclyde and Renfrewshire West  |Alba Party|Christopher McEleny|None|723|1.8|+1.8
Inverclyde and Renfrewshire West  |Independent |John Burleigh|None|365|0.9|+0.9
Mid Dunbartonshire |Scottish Liberal Democrats|Susan Murray|winning|22,349|42.4|
Mid Dunbartonshire |Scottish National Party|Amy Callaghan|None|12,676|24.0|
Mid Dunbartonshire |Scottish Labour|Lorna Dougall|None|10,993|20.8|
Mid Dunbartonshire |Scottish Conservatives|Alix Mathieson|None|2,452|4.6|
Mid Dunbartonshire |Reform UK|David McNabb|None|2,099|4.0|
Mid Dunbartonshire |Scottish Greens|Carolynn Scrimgeour|None|1,720|3.3|
Mid Dunbartonshire |Alba Party|Ray James|None|449|0.9|
Moray West|Scottish Liberal Democrats|Neil Alexander|None|||
Moray West|Scottish Labour|James Hynam|None|||
Moray West|Scottish National Party|Graham Leadbitter|None|||
Moray West|Scottish Family Party|Euan Morrice|None|||
Moray West|Scottish Conservatives|Kathleen Robertson|None|||
Moray West|Reform UK|Steve Skerret|None|||
Moray West|Scottish Greens|Draeyk Van Der Horn|None|||
Perth and Kinross|Scottish National Party|Pete Wishart|winning|18,928|37.8|-7.5
Perth and Kinross|Scottish Conservatives|Luke Graham |None|14,801|29.6|-11.5
Perth and Kinross|Scottish Labour|Graham Cox|None|9,018|18.0|+13
Perth and Kinross|Scottish Liberal Democrats|Amanda Clark|None|3,681|7.4|-0.6
Perth and Kinross|Reform UK|Helen McDade|None|2,970|5.9|+5.2
Perth and Kinross|Independent|Sally Hughes|None|679|1.4|
Rutherglen|Scottish Labour|Michael Shanks |winning|21,460|50.5|+19.3
Rutherglen|Scottish National Party|Katy Loudon|None|12,693|29.9|
Rutherglen|Reform UK|David Stark|None|2,685|6.3|
Rutherglen|Scottish Conservative Party|Gary Burns|None|2,420|5.7|
Rutherglen|Scottish Liberal Democrats|Gloria Adebo|None|1,714|4.0|
Rutherglen|Scottish Socialist Party|Bill Bonnar|None|541|1.3|
Rutherglen|Alba Party|Jim Eadie |None|497|1.2|
Rutherglen|Scottish Family Party|John McArthur|None|321|0.8|
Rutherglen|Independent|Andrew Daly|None|||
Stirling and Strathallan|Scottish Labour Party|Chris Kane|winning|16,856|33.9|+26.2
Stirling and Strathallan|Scottish National Party|Alyn Smith|None|15,462|31.1|-18.7
Stirling and Strathallan|Scottish Conservative Party|Neil Benny|None|9,469|19.0|-16.0
Stirling and Strathallan|Reform UK|Bill McDonald|None|3,145|6.3|
Stirling and Strathallan|Scottish Liberal Democrats|Hamish Taylor|None|2,530|5.1|-0.7
Stirling and Strathallan|Scottish Green Party|Andrew Adam|None|1,394|2.8|
Airdrie and Shotts|Scottish Labour|Kenneth Stevenson |winning|18,871|51.5|
Airdrie and Shotts|Scottish National Party|Anum Qaisar|None|11,324|30.9|
Airdrie and Shotts|Reform UK|David Hall|None|2,971|8.1|
Airdrie and Shotts|Scottish Conservatives|Alexandra Herdman|None|1,696|4.6|
Airdrie and Shotts|Scottish Liberal Democrats|Lewis Younie|None|725|2.0|
Airdrie and Shotts|Alba Party|Josh Robertson|None|623|1.7|
Airdrie and Shotts|British Unionist Party|John Jo Leckie|None|7,547|20.6|
Central Ayrshire|Reform UK|Kevin Blades|None|||
Central Ayrshire|Scottish Liberal Democrats|Elaine Ford|None|||
Central Ayrshire|Scottish Labour|Alan Gemmell |None|||
Central Ayrshire|Scottish Greens|Tom Kerr|None|||
Central Ayrshire|Social Democratic Party |Allan MacMillan|None|||
Central Ayrshire|Socialist Labour Party |Louise McDaid|None|||
Central Ayrshire|Scottish National Party|Annie McIndoe|None|||
Central Ayrshire|Scottish Conservatives|David Rocks|None|||
East Renfrewshire|Scottish Labour|Blair McDougall|winning|21,935|43.7|+31.3
East Renfrewshire|Scottish National Party|Kirsten Oswald|None|13,514|26.9|-18.0
East Renfrewshire|Scottish Conservatives|Sandesh Gulhane|None|8,494|16.9|-18.2
East Renfrewshire|Reform UK|Matt Alexander|None|2,360|4.7|
East Renfrewshire|Scottish Greens|Karen Sharkey|None|1,510|3.0|
East Renfrewshire|Scottish Liberal Democrats|Alan Grant|None|1,150|2.3|-5.2
East Renfrewshire|Scottish Family Party|Maria Reid|None|487|1.0|
East Renfrewshire|Liberal Party |Allan Steele|None|481|1.0|
East Renfrewshire|Independence for Scotland Party|Colette Walker|None|296|0.6|
York Central |Labour and Co-operative|Rachael Maskell|winning|24,537|56.6|+0.2
York Central |Conservative Party |Richard Hudson|None|5,383|12.4|-15.3
York Central |Green Party of England and Wales|Lars Kramm|None|5,185|12|+7.8
York Central |Reform UK |Cliff Bond|None|4,721|10.9|
York Central |Liberal Democrats |Alan Page|None|3,051|7|-0.8
York Central |Independent politician |Alasdair Lord|None|133|0.3|
York Central |Independent politician |Roger James|None|131|0.3|
York Central |Independent politician |Ruairi Kendall|None|98|0.2|
York Central |Independent politician |Leo Mayne|None|19,154|44.2|
Calder Valley |Labour Party |Josh Fenton-Glynn|None|22,046|44.4|+2.1
Calder Valley |Conservative Party |Vanessa Lee|None|13,055|26.3|-25.1
Calder Valley |Reform UK|Donald Walmsley|None|7,644|15.4|
Calder Valley |Green Party of England and Wales|Kieran Turner|None|3,701|7.5|
Calder Valley |Liberal Democrats |Donal O'Hanlon|None|2,587|5.2|+0.1
Calder Valley |Yorkshire Party|James Vasey|None|404|0.8|
Calder Valley |Social Democratic Party |Jim McNeill|None|8,991||
Rawmarsh and Conisbrough|Conservative Party |Oliver Harvey|None|4,496|13.3|-23.7
Rawmarsh and Conisbrough|Liberal Democrats |Paul Horton|None|1,137|3.4|-0.3
Rawmarsh and Conisbrough|Reform UK|Adam Wood|None|||
Barnsley North |Labour Party |Dan Jarvis|winning|18,610|50.4|+11.9
Barnsley North |Reform UK|Robert Lomas|None|10,799|29.3|-0.2
Barnsley North |Conservative Party |Tamas Kovacs|None|3,083|8.4|-15.6
Barnsley North |Green Party of England and Wales|Tom Heyes|None|1,805|4.9|+2.5
Barnsley North |Liberal Democrats |Penny Baker|None|1,336|3.6|0.0
Barnsley North |Independent |Neil Fisher|None|616|1.7|
Barnsley North |Yorkshire Party|Tony Devoy|None|603|1.6|0.0
Barnsley North |English Democrats|Janus Polenceusz|None|7,811|21.1|
Wetherby and Easingwold|Yorkshire Party|John Hall|None|||
Wetherby and Easingwold|Reform UK|Mike  Jordan|None|||
Wetherby and Easingwold|Liberal Democrats |James Monaghan |None|||
Wetherby and Easingwold|Labour Party |Ben Pickles |None|||
Wetherby and Easingwold|Conservative Party |Alec Shelbrooke|None|||
Wetherby and Easingwold|Green Party of England and Wales|Arnold Warneken|None|||
Normanton and Hemsworth |Reform UK|Callum Bushrod|None|||
Normanton and Hemsworth |Liberal Democrats |Craig Dobson|None|||
Normanton and Hemsworth |Conservative Party |Alice Mae Hopkin |None|||
Normanton and Hemsworth |Green Party of England and Wales|Ashton Howick|None|||
Normanton and Hemsworth |Labour Party |Jon Trickett|None|||
Bridlington and The Wolds|Conservative Party |Charlie Dewhirst|None|14,846|34.6|-32.0
Bridlington and The Wolds|Labour Party |Sarah Carter|None|11,721|27.3|7.4
Bridlington and The Wolds|Reform UK|Maria Bowtell|None|10,350|24.1|
Bridlington and The Wolds|Liberal Democrats |Jayne Phoenix|None|3,097|7.2|-0.3
Bridlington and The Wolds|Green Party of England and Wales|Gill Leek|None|1,595|3.7|0.9
Bridlington and The Wolds|Yorkshire Party |Tim Norman|None|915|2.1|-1.1
Bridlington and The Wolds|Independent|Tom Cone|None|309|0.7|
Bridlington and The Wolds|Social Democratic Party |Carlo Verda|None|3,125||
Brigg and Immingham|Conservative Party |Martin Vickers|None|15,905|37.4|-34.5
Brigg and Immingham|Green Party of England and Wales|Amie Watson|None|3,243|7.6|
Great Grimsby and Cleethorpes |Labour Party |Melanie Onn|winning|15,336|41.9|+9.7
Great Grimsby and Cleethorpes |Reform UK|Oliver Freeston|None|10,533|28.8|+23.9
Great Grimsby and Cleethorpes |Conservative Party |Lia Nici|None|8,269|22.6|-33.0
Great Grimsby and Cleethorpes |Green Party of England and Wales|Ed Fraser |None|1,115|3.0|+1.0
Great Grimsby and Cleethorpes |Liberal Democrats |John Craig Lawson|None|1,036|2.8|-2.1
Great Grimsby and Cleethorpes |TUSC|Mark Gee|None|222|0.6|+0.6
Great Grimsby and Cleethorpes |Social Democratic Party |Christopher Stephenson|None|108|0.3|+0.3
Kingston upon Hull North |Reform UK|Martin Baker|None|7,801|20.4|+9.6
Kingston upon Hull North |Independent|Ahmet Cinalp|None|720|1.9|
Kingston upon Hull North |Yorkshire Party|Rowan Adam Halstead|None|339|0.9|
Kingston upon Hull North |Green Party of England and Wales|Kerry Elizabeth Harrison|None|2,322|6.1|+3.5
Kingston upon Hull North |Labour Party |Diana Johnson|None|18,480|48.3|+1.7
Kingston upon Hull North |Independent|Pauline Peachey|None|161|0.4|
Kingston upon Hull North |Conservative Party |Callum Terence Procter|None|4,897|12.8|-20.7
Kingston upon Hull North |Trade Unionist and Socialist Coalition|Michael John Whale|None|262|0.7|
Kingston upon Hull North |Liberal Democrats |Craig Woolmer|None|||
Kingston upon Hull West and Haltemprice|Labour Party |Emma Hardy|None|||
Kingston upon Hull West and Haltemprice|Liberal Democrats |Linda Johnson|None|||
Kingston upon Hull West and Haltemprice|Social Democratic Party |Lucy Needham|None|||
Kingston upon Hull West and Haltemprice|Green Party of England and Wales|Kevin Paulson|None|||
Kingston upon Hull West and Haltemprice|Reform UK|Julie Peck|None|||
Kingston upon Hull West and Haltemprice|Conservative Party |Rachel Storer|None|||
Leeds Central and Headingley|Green Party of England and Wales|Chris Foren|None|||0
Leeds Central and Headingley|TUSC|Louie George Fulton|None|||0
Leeds Central and Headingley|Liberal Democrats |Chris Howley|None|||0
Leeds Central and Headingley|Conservative Party |Jenny Jackson|None|||0
Leeds Central and Headingley|Workers Party of Britain|Owais Rajput|None|||0
Leeds Central and Headingley|Labour and Co-operative|Alex Sobel|None|||0
Leeds Central and Headingley|Social Democratic Party |Rob Walker|None|||0
Leeds Central and Headingley|Reform UK|Reggie Harry Wray|None|||
Leeds West and Pudsey  |Labour Party |Rachel Reeves|winning|18,976|49.3|
Leeds West and Pudsey  |Conservative Party |Lee Farmer|None|6,584|17.1|
Leeds West and Pudsey  |Reform UK|Andrea Whitehead|None|6,281|16.3|
Leeds West and Pudsey  |Green Party of England and Wales|Ann Forsaith |None|3,794|9.9|
Leeds West and Pudsey  |Liberal Democrats |Dan Walker |None|1,743|4.5|
Leeds West and Pudsey  |Workers Party of Britain|Jamal El Kheir |None|633|1.6|
Leeds West and Pudsey  |Yorkshire Party|Darren Longhorn  |None|404|1.0|
Leeds West and Pudsey  |Social Democratic Party |Sasha Watson |None|12,392|32.2|
Keighley and Ilkley  |Conservative Party |Robbie Moore |None|18,589|40.3|-7.8
Keighley and Ilkley  |Labour Party |John Grogan |None|16,964|36.7|-7.2
Keighley and Ilkley  |Reform UK|Andrew Mark Judson |None|4,782|10.4|+8.8
Keighley and Ilkley  |Green Party of England and Wales|John Wood |None|2,447|5.3|
Keighley and Ilkley  |Independent |Vaz Shabir  |None|2,036|4.4|
Keighley and Ilkley  |Liberal Democrats |Chris Adams |None|970|2.1|-2.8
Keighley and Ilkley  |Yorkshire Party |Dominic James Atlas |None|1,625||
Bradford East |Labour Party |Imran Hussain |winning|14,098|37.9|-25.1
Bradford East |Independent |Talat Sajawal |None|7,909|21.3|
Bradford East |Reform UK |Jacob Pereira Anstey |None|4,952|13.3|+7.1
Bradford East |Conservative Party |Aubrey Holt |None|3,450|9.3|-12.4
Bradford East |Green Party of England and Wales|Celia Hickson|None|2,571|6.9|+5.4
Bradford East |Liberal Democrats |Robert Michael St John O'Carroll  |None|1,910|5.1|-2.6
Bradford East |Independent |Mohammed Sayfur Rahman  |None|817|2.2|
Bradford East |Yorkshire Party  |Lara Joy Barras |None|761|2.0|+5.4
Bradford East |Independent |Amer Rehman  |None|683|1.8|
Bradford East |Social Democratic Party |Richard Riley |None|6,189||
Bradford South |Labour Party |Judith Cummins|None|11,833|35.8|-10.9
Bradford South |Reform UK |Ian Eglin |None|7,441|22.5|+15.5
Bradford South |Conservative Party |Zaf Shah|None|4,853|14.7|-25.4
Bradford South |Green Party of England and Wales|Matt Edwards|None|3,366|10.2|+7.7
Bradford South |Independent |Rehiana Ali |None|3,345|10.1|
Bradford South |Liberal Democrats  |Anthony Smith|None|954|2.9|-0.8
Bradford South |Workers Party of Britain|Harry Boota |None|513|1.6|
Bradford South |Yorkshire Party |Jonathan Barras  |None|489|1.5|
Colne Valley |English Democrats  |Therese Hirst |None|33,042|46.5|11.2
Colne Valley |Labour Party |Paul Davies |None|||
Colne Valley |Reform UK|Stuart Hale|None|||
Colne Valley |Liberal Democrats |Katharine Macy|None|||
Colne Valley |Conservative Party |Jason McCartney |None|||
Colne Valley |Yorkshire Party|Timothy Millea|None|||
Colne Valley |Green Party of England and Wales|Heather Peacock|None|||
Dewsbury and Batley|Independent|Iqbal Mohamed|winning|15,641|41.1|
Dewsbury and Batley|Labour Party |Heather Iqbal|None|8,707|22.9|
Dewsbury and Batley|Reform UK|Jonathan Thackray|None|6,152|16.2|
Dewsbury and Batley|Conservative Party |Lalit Suryawanshi|None|4,182|11.0|
Dewsbury and Batley|Green Party of England and Wales|Simon Cope|None|2,048|5.4|
Dewsbury and Batley|Liberal Democrats |John Edward Rossington|None|6,934|18.2|
Doncaster Central|Conservative Party |Nick Allen|None|||
Doncaster Central|Reform UK|Surjit Duhre|None|||
Doncaster Central|Labour and Co-operative|Sally Jameson|None|||
Doncaster Central|Workers Party of Britain|Tosh McDonald |None|||
Doncaster Central|Green Party of England and Wales|Jennifer Rozenfelds|None|||
Doncaster Central|Liberal Democrats |Greg Ruback|None|||
Doncaster Central|Yorkshire Party|Andrew Walmsley|None|||
Goole and Pocklington |Conservative Party |David Davis |None|18,981|38.2|-27
Goole and Pocklington |Labour Party |Liam Draycott|None|15,409|31|+10.6
Goole and Pocklington |Reform UK|Rich Kelly|None|9,054|18.2|+18.2
Goole and Pocklington |Liberal Democrats |Dale Richard Needham|None|3,380|6.8|-1.0
Goole and Pocklington |Green Party of England and Wales|Angela Stone|None|2,451|4.9|+1.0
Goole and Pocklington |Independent|Shona Wade|None|3,572|7.2|-44.8
Halifax  |Labour Party |Kate Dearden|None|14,135|35.1|-10.5
Halifax  |Conservative Party |Hazel Sharp|None|7,866|19.6|-22.1
Halifax  |Reform UK|James Griffith-Jones|None|7,811|19.4|+13.5
Halifax  |Green Party of England and Wales|Martin Hey|None|4,133|10.3|+8.3
Halifax  |Workers Party of Britain|Shakir Saghir|None|2,543|6.3|+6.3
Halifax  |Liberal Democrats |Samuel Jackson|None|2,359|5.9|+1.1
Halifax  |Independent politician|Purveen Hussain|None|6,269||
Huddersfield|Green Party of England and Wales|Andrew Cooper|None|||
Huddersfield|Liberal Democrats |Jan Dobrucki|None|||
Huddersfield|Reform UK|Susan Laird|None|||
Huddersfield|Conservative Party |Tony McGrath|None|||
Leeds East|Liberal Democrats |Tobie Abel|None|||
Leeds East|Labour Party |Richard Burgon|None|||
Leeds East|Social Democratic Party |Catherine Dobson|None|||
Leeds East|Reform UK|David Dresser|None|||
Leeds East|Conservative Party |Sam Firth|None|||
Leeds East|Yorkshire Party |David Hough |None|||
Leeds East|Green Party of England and Wales|Jennifer Norman|None|||
Leeds East|Independent|Niko Omilana|None|||
Leeds East|Independent|Pete Young|None|||
Leeds North East|Labour Party |Fabian Hamilton|None|23,260|51.5|-6.0
Leeds North East|Conservative Party |Chris Whiteside|None|7,177|15.9|-7.7
Leeds North East|Green Party of England and Wales|Louise Jennings|None|5,911|13.1|+9.3
Leeds North East|Reform UK|Kieran White|None|3,426|7.6|+4.1
Leeds North East|Liberal Democrats |Gary Busuttil|None|2,168|4.8|-6.4
Leeds North East|Workers Party of Britain|Dawud Islam|None|2,067|4.6|+4.6
Leeds North East|Yorkshire Party|Ian Cowling|None|574|1.3|+1.3
Leeds North East|Alliance for Green Socialism|Mike Davies|None|259|0.6|+0.3
Leeds North East|Social Democratic Party |Cordelia Lynan|None|125|0.3|+0.3
Leeds North East|Christian Peoples Alliance|Christopher Nicholson|None|109|0.2|+0.2
Leeds North East|Climate Party|Stewart Hey|None|16,083||
Leeds North West |Labour Party |Katie White |winning|||
Leeds North West |Conservative Party |Thomas Averre |None|||
Leeds North West |Reform UK |Jayne Louise Bond |None|||
Leeds North West |Green Party of England and Wales|Mick Bradley|None|||
Leeds North West |Social Democratic Party |Kathy Bushell|None|||
Leeds North West |Yorkshire Party|Bob Buxton|None|||
Leeds North West |Liberal Democrats |Ryk Downes|None|||
Leeds South|Workers Party of Britain|Muhammad Azeem|None|719||
Leeds South|Labour Party |Hilary Benn|None|17,117||
Leeds South|Christian Peoples Alliance|Janet Bickerdike|None|341||
Leeds South|Green Party of England and Wales|Ed Carlisle|None|5,838||
Leeds South|Conservative Party |Karen Cooksley|None|4,172||
Leeds South||Niko Omilana|None|277||
Leeds South|Liberal Democrats |George Sykes|None|1,340||
Leeds South|Social Democratic Party |Daniel Whetstone|None|||
Leeds South West and Morley |Green Party of England and Wales|Chris Bell |None|2,522|6.3|+3.0
Leeds South West and Morley |Yorkshire Party |Howard Graham Dews|None|644|1.7|-0.5
Leeds South West and Morley |Liberal Democrats |Michael Fox|None|1,798|4.5|+1.7
Leeds South West and Morley |Conservative Party |Andrea Jenkyns|None|9,258|23.0|-30.1
Leeds South West and Morley |Reform UK|James Kendall|None|8,187|20.4|+18.6
Leeds South West and Morley |Social Democratic Party |Nigel Perry|None|99|0.2|+0.2
Leeds South West and Morley |Labour Party |Mark Sewards|None|||
Ossett and Denby Dale |Labour Party |Jade Botterill|None|||
Ossett and Denby Dale |Green Party of England and Wales|Neil Doig|None|||
Ossett and Denby Dale |Conservative Party |Mark Eastwood|None|||
Ossett and Denby Dale |Yorkshire Party |David John Rowntree Herdson |None|||
Ossett and Denby Dale |Reform UK|Sandra Senior |None|||
Ossett and Denby Dale |Liberal Democrats |James Wilkinson |None|||
Penistone and Stocksbridge|Labour Party |Marie Tidball|winning|19,169|43.6|
Penistone and Stocksbridge|Conservative Party |Miriam Cates|None|10,430|23.7|
Penistone and Stocksbridge|Reform UK|Edward Dillingham|None|9,456|21.5|
Penistone and Stocksbridge|Liberal Democrats |Robert Reiss|None|2,866|6.5|
Penistone and Stocksbridge|Green Party of England and Wales|Andrew Davies|None|8,739|19.9|
Pontefract|Labour Party |Yvette Cooper|winning|17,089|47.5|
Pontefract|Reform UK|John Thomas |None|10,459|29.1|
Pontefract|Conservative Party |Laura Weldon|None|5,406|15.0|
Pontefract|Green Party of England and Wales|Olli Watkins|None||4.6|
Pontefract|Liberal Democrats |Jamie Needle|None|1,213|3.4|
Pontefract|Social Democratic Party |Trevor Lake|None|6,630|18.4|
Richmond and Northallerton|Conservative Party |Rishi Sunak|winning|23,059|47.5|-15.8
Richmond and Northallerton|Labour Party |Tom Wilson|None|10,874|22.4|6.0
Richmond and Northallerton|Reform UK|Lee Taylor|None|7,142|14.7|
Richmond and Northallerton|Liberal Democrats |Daniel Callaghan|None|4,322|8.9|-3.6
Richmond and Northallerton|Green Party of England and Wales|Kevin Foster|None|2,058|4.2|0.4
Richmond and Northallerton|Count Binface Party|Count Binface|None|308|0.6|
Richmond and Northallerton|Independent|Brian Richmond|None|222|0.5|
Richmond and Northallerton|Independent|Niko Omilana|None|160|0.3|
Richmond and Northallerton|Yorkshire Party|Rio Goldhammer|None|132|0.3|-1.8
Richmond and Northallerton|Official Monster Raving Loony Party|Sir Archibald Stanton|None|99|0.2|
Richmond and Northallerton|Workers Party of Britain|Louise Dickens|None|90|0.2|
Richmond and Northallerton|Independent|Angie Campion|None|33|0.1|
Richmond and Northallerton|Independent|Jason Barnett|None|27|0.1|
Rother Valley|Reform UK|Tony Harrison|None|||
Rother Valley|Green Party of England and Wales|Paul Martin|None|||
Rother Valley|Labour Party |Jake Richards|None|||
Rother Valley|Conservative Party |Alexander Stafford|None|||
Rotherham|Independent politician|Ishtiaq Ahmad|None|||
Rotherham|Yorkshire Party|David Atkinson|None|||
Rotherham|Liberal Democrats |Adam Carter|None|||
Rotherham|Labour Party |Sarah Champion|None|||
Rotherham|Reform UK|John Cronly|None|||
Rotherham|Workers Party of Britain|Taukir Iqbal|None|||
Rotherham|Green Party of England and Wales|Tony Mabbott|None|||
Scunthorpe|Labour Party |Nic Dakin|None|15,484|39.7|+4.8
Scunthorpe|Conservative Party |Holly Mumby-Croft|None|11,942|30.6|-25.7
Scunthorpe|Reform UK|Darren Haley|None|8,163|20.9|+16.6
Scunthorpe|Green Party of England and Wales|Nick Cox|None|1,218|3.1|+1.3
Scunthorpe|Independent|Abdul R Butt|None|1,202|3.1|+3.1
Scunthorpe|Liberal Democrats |Cahal Burke|None|942|2.4|-0.2
Scunthorpe|Heritage Party |Scott Curtis|None|3,542|9.1|
Sheffield Brightside and Hillsborough|Independent|Maxine Bowler|None|0|0|0
Sheffield Brightside and Hillsborough|Labour Party |Gill Furniss|None|0|0|0
Sheffield Brightside and Hillsborough|Conservative Party |Aaron Jacob|None|0|0|0
Sheffield Brightside and Hillsborough|Green Party of England and Wales|Christine Kubo|None|0|0|0
Sheffield Brightside and Hillsborough|Liberal Democrats |Will Sapwell|None|||
Sheffield Brightside and Hillsborough|Social Democratic Party |Jeremy Turner|None|||
Sheffield Brightside and Hillsborough|Workers Party of Britain|Mark Tyler|None|||
Sheffield Central|Green Party of England and Wales|Angela Argenzio|None|||
Sheffield Central|Liberal Democrats |Sam Christmas|None|||
Sheffield Central|TUSC|Isabelle France|None|||
Sheffield Central|Workers Party of Britain|Caitlin Hardy|None|||
Sheffield Central|Labour Party |Abtisam Mohamed|None|||
Sheffield Central|Conservative Party |Lucy Stephenson|None|||
Sheffield Central|Social Democratic Party |Annie Stoker|None|||
Sheffield Central|Independent politician|Alison Teal|None|||
Sheffield Heeley|Party of Women|Louise McDonald|None|||
Sheffield Heeley|TUSC|Mick Suter|None|||
Sheffield South East|Labour Party |Clive Betts|None|||
Sheffield South East|Independent politician |Jack Carrington |None|||
Sheffield South East|Conservative Party |Caroline Kampila|None|||
Sheffield South East|Social Democratic Party |Matthew Leese|None|||
Sheffield South East|Green Party of England and Wales|Hannah Nicklin|None|||
Sheffield South East|Workers Party of Britain|Muzafar Rahman|None|||
Sheffield South East|Liberal Democrats |Sophie Thornton|None|||
Shipley |Labour Party |Anna Dixon|winning|21,738|45.0|+5.8
Shipley |Conservative Party |Philip Davies|None|13,135|27.2|-23.6
Shipley |Reform UK|Simon Dandy|None|7,238|15.0|
Shipley |Green Party of England and Wales|Kevin Warnes |None|3,605|7.5|+5.1
Shipley |Liberal Democrats |Graham Richard Reed |None|1,341|2.8|-3.1
Shipley |Yorkshire Party |Will Grant |None|447|0.9|-0.7
Shipley |Independent |Nagbea |None|297|0.3|
Shipley |Workers Party of Britain|Waqas Ali Khan|None|269|0.6|
Shipley |Social Democratic Party |Paul Shkurka |None|137|0.3|
Shipley |Christian Peoples Alliance |Darryl Neale Morton-Wright |None|8,603|17.8|
Spen Valley|Labour Party |Kim Leadbeater|None|16076|39.2|+5.7
Spen Valley|Reform UK|Sarah Wood|None|9888|24.1|+20.7
Spen Valley|Conservative Party |Laura Evans|None|9859|24|-22.4
Spen Valley|Green Party of England and Wales|Martin Price|None|2284|5.6|+3.8
Spen Valley|Independent|Javed Bashir|None|1526|3.7|+3.7
Spen Valley|Liberal Democrats |Alison Brelsford|None|||
Wakefield and Rothwell|Conservative Party |Arnold Eric Craven |None|||
Wakefield and Rothwell|Reform UK|David Dews|None|||
Wakefield and Rothwell|Liberal Democrats |Stewart Golton |None|||
Wakefield and Rothwell|Yorkshire Party |Brent Hawksley |None|||
Wakefield and Rothwell|Labour and Co-operative|Simon Lightwood|None|||
Wakefield and Rothwell|Workers Party of Britain|Keith Mason |None|||
Wakefield and Rothwell|Green Party of England and Wales|Ash Routh|None|||
Wakefield and Rothwell|Social Democratic Party |Nicholas Sanders|None|||
Ruislip|Conservative Party |David Simmonds|winning|21,366|45.4|
Ruislip|Labour Party |Tony Gill|None|13,785|29.3|
Ruislip|Reform UK|Ian Price|None|4,671|9.9|
Ruislip|Liberal Democrats |Jonathan Banks|None|4,343|9.2|
Ruislip|Green Party of England and Wales|Jess Lee|None|7,581|16.1|
Uxbridge and South Ruislip|Labour Party |Danny Beales|winning|16,599|36.2|
Uxbridge and South Ruislip|Conservative Party |Steve Tuckwell|None|16,012|34.9|
Uxbridge and South Ruislip|Reform UK|Tim Wheeler|None|6,610|14.4|
Uxbridge and South Ruislip|Green Party of England and Wales|Sarah Green|None|4,354|9.5|
Uxbridge and South Ruislip|Liberal Democrats |Ian Rex-Hawkes|None|1,752|3.8|
Uxbridge and South Ruislip|Trade Unionist and Socialist Coalition|Gary Harbord|None|223|0.5|
Uxbridge and South Ruislip|Social Democratic Party |Stephen Gardner|None|200|0.4|
Uxbridge and South Ruislip|UK Independence Party|Geoff Courtenay|None|587|1.3|
Kingston and Surbiton|Liberal Democrats |Ed Davey|winning|25,870|51.1|
Kingston and Surbiton|Conservative Party |Helen Edward|None|8,635|17.0|
Kingston and Surbiton|Labour Party |Eunice O'Dame|None|6,561|13.0|
Kingston and Surbiton|Reform UK|Mark Fox|None|4,787|9.4|
Kingston and Surbiton|Green Party of England and Wales|Debojyoti Das|None|3,009|5.9|
Kingston and Surbiton|Kingston Independent Residents Group|Yvonne Tracey|None|1,177|2.3|
Kingston and Surbiton|Workers Party of Britain|Ali Abdulla|None|395|0.8|
Kingston and Surbiton|Official Monster Raving Loony Party|A|None|230|0.5|
Harrow West |Labour Co-operative|Gareth Thomas |winning|19,833|43.8|
Harrow West |Conservative Party |Abbas Merali|None|13,191|29.2|
Harrow West |Independent|Pamela Fitzpatrick|None|4,120|9.1|
Harrow West |Reform UK|Michael Beavis|None|2,639|5.8|
Harrow West |Green Party of England and Wales|Rupert George |None|2,438|5.4|
Harrow West |Liberal Democrats |Chris Noyce|None|2,404|5.3|
Harrow West |Independent politician|Bharatkumar Patel|None|616|1.4|
Islington North|Independent|Jeremy Corbyn|winning|24,120|49.2|
Islington North|Labour Party |Praful Nargund|None|16,873|34.4|
Islington North|Green Party of England and Wales|Sheridan Kates|None|2,660|5.4|
Islington North|Conservative Party |Karen Harries|None|1,950|4.0|
Islington North|Reform UK|Martyn Nelson|None|1,710|3.5|+2.1
Islington North|Liberal Democrats |Vikas Aggarwal|None|1,661|3.4|
Islington North|Independent|Paul Josling|None|7,247|14.8|
Vauxhall and Camberwell Green|Labour and Co-operative Party |Florence Eshalomi|winning|21,528|57.4|
Vauxhall and Camberwell Green|Green Party of England and Wales|Catherine Dawkins|None|6,416|17.1|
Vauxhall and Camberwell Green|Liberal Democrats |Chris French|None|4,549|12.1|
Vauxhall and Camberwell Green|Conservative Party|Aarti Joshi|None|2,809|7.5|
Vauxhall and Camberwell Green|Reform UK |Mike King |None|2,033|5.4|
Vauxhall and Camberwell Green|Social Democratic Party |Andrew McRobbie|None|||
Ealing Southall |Workers Party of Britain|Darshan Azad|None|||
Ealing Southall |Independent politician|Sangeet Bhail|None|||
Ealing Southall |Independent politician|Joe Bhangu|None|||
Ealing Southall |Conservative Party |Georgie Call|None|||
Ealing Southall |Reform UK|Steve Chilcott|None|||
Ealing Southall |Labour Party |Deirdre Costigan|None|||
Ealing Southall |Independent politician|Pedro Da Conceicao|None|||
Ealing Southall |Liberal Democrats |Tariq Mahmood|None|||
Ealing Southall ||Niko Omilana|None|||
Ealing Southall |Green Party of England and Wales|Neil Reynolds|None|||
Ealing Southall ||Jaginder Singh|None|||
Ealing Southall |Rejoin EU|Peter Ward|None|||
Ealing Southall |Labour Party |Virendra Sharma|winning|25,678|60.8|-9.5
Ealing Southall |Conservative Party |Tom Bennett|None|9,594|22.7|+1.4
Ealing Southall |Liberal Democrats |Tariq Mahmood|None|3,933|9.3|+5.1
Ealing Southall |Green Party of England and Wales|Darren Moore|None|1,688|4.0|+1.7
Ealing Southall |Brexit Party|Rosamund Beattie|None|867|2.1|
Ealing Southall |Christian Peoples Alliance|Suzanne Fernandes|None|287|0.7|
Ealing Southall |Workers Revolutionary Party |Hassan Zulkifal|None|170|0.4|-0.4
Streatham and Croydon North |Labour and Co-operative Party|Steve Reed |winning|23,232|52.1|-5.8
Streatham and Croydon North |Green Party of England and Wales|Scott Ainslie|None|7,629|17.1|+12.7
Streatham and Croydon North |Conservative Party |Anthony Boutall|None|5|12.0|-6.8
Streatham and Croydon North |Liberal Democrats |Claire Bonham|None|5,031|11.3|-6.2
Streatham and Croydon North |Christian Peoples Alliance|Magdaline Nzekwue|None|290|0.7|+0.7
Streatham and Croydon North |Social Democratic Party |Myles Owen|None|139|0.3|+0.3
Streatham and Croydon North |Workers Party of Britain|Waseem Sherwani|None|910|2.0|+2.0
Streatham and Croydon North |Reform UK|Philip Watson|None|||
Beckenham and Penge|Reform UK|Edward Apostolides|None|||
Beckenham and Penge|Labour Party |Liam Conlon|None|||
Beckenham and Penge|Green Party of England and Wales|Ruth Fabricant|None|||
Beckenham and Penge|Conservative Party |Hannah Gray|None|||
Beckenham and Penge|Liberal Democrats |Chloe-Jane Ross|None|||
Bethnal Green and Stepney|Independent politician|Reggie Adams|None|||
Bethnal Green and Stepney|Independent politician|Md Somon Ahmed|None|||
Bethnal Green and Stepney|Labour Party |Rushanara Ali|None|||
Bethnal Green and Stepney|Green Party of England and Wales|Phoebe Gill|None|||
Bethnal Green and Stepney|Animal Welfare Party|Vanessa Hudson|None|||
Bethnal Green and Stepney|Liberal Democrats |Rabina Khan|None|||
Bethnal Green and Stepney|Social Democratic Party |Jon Mabbutt|None|||
Bethnal Green and Stepney|Independent politician|Ajmal Masroor|None|||
Bethnal Green and Stepney|Conservative Party |Oscar Reaney|None|||
Bethnal Green and Stepney|Reform UK|Peter Sceats|None|||
Bethnal Green and Stepney|Independent politician|Sham Uddin|None|||
Brent East|Labour Party |Dawn Butler|winning|19,370|51.2|
Brent East|Conservative Party |Jamila Robertson|None|6,323|16.7|
Brent East|Green Party of England and Wales|Nida Al-Fulaij|None|3,729|9.9|
Brent East|Liberal Democrats |Jonny Singh|None|2,635|7.0|
Brent East|Reform UK|Zbigniew Kowalczyk|None|2,024|5.4|
Brent East|Independent politician|Aadil Shaikh|None|1,864|4.9|
Brent East|Workers Party of Britain|James Mutimer|None|1,052|2.8|
Brent East|Independent|Amin Moafi |None|654|1.7|
Brent East|Independent |Jenner Clarence Joseph Folwell |None|169|0.4|
Brent West|Labour Party |Barry Gardiner|winning|17,258|41.7|
Brent West|Conservative Party |Sushil Rapatwar|None|13,465|32.5|
Brent West|Liberal Democrats |Paul Lorber|None|3,013|7.3|
Brent West|Green Party of England and Wales|Baston D|None|2,805|6.8|
Brent West|Workers Party of Britain|Nadia Klok|None|2,774|6.7|
Brent West|Reform UK |Ian Collier|None|3,793|9.2|
Bromley and Biggin Hill|Conservative Party |Peter Fortune|None|15,929|34.0|-20.4
Bromley and Biggin Hill|Labour Party |Oana Olaru-Holmes|None|15,627|33.4|+8.3
Bromley and Biggin Hill|Reform UK|Alan Cook|None|8,203|17.5|+17.5
Bromley and Biggin Hill|Liberal Democrats |Julie Ireland|None|4,352|9.3|-6.7
Bromley and Biggin Hill|Green Party of England and Wales|Caroline Sandes|None|2,583|5.5|+1.8
Bromley and Biggin Hill|Climate Party|Karen Miller|None|302|0.6|-28.7
Clapham and Brixton Hill |Liberal Democrats |Ben Curtis|None|||
Clapham and Brixton Hill |Independent politician|Jon Key|None|||
Clapham and Brixton Hill |Socialist Party of Great Britain|Bill Martin|None|||
Clapham and Brixton Hill |Reform UK|Mark Matlock|None|||
Clapham and Brixton Hill |Labour Party |Bell Ribeiro-Addy|winning|24,166||
Clapham and Brixton Hill |Conservative Party |Asha Saroy|None|||
Clapham and Brixton Hill |Green Party of England and Wales|Sh|None|||
Croydon East|Labour Party |Natasha Irons |winning|18,541|42.4|
Croydon East|Conservative Party |Jason Cummings|None|11,716|26.8|
Croydon East|Reform UK|Scott Holman|None|5,862|13.4|
Croydon East|Green Party of England and Wales|Peter Underwood|None|4,097|9.4|
Croydon East|Liberal Democrats |Andrew Pelling|None|3,563|8.1|
Croydon West|Trade Unionist and Socialist Coalition|April Ashley|None|||
Croydon West|Conservative Party |Simon Fox|None|||
Croydon West|Liberal Democrats |Jahir Hussain|None|||
Croydon West|Labour Party |Sarah Jones |None|||
Croydon West|Reform UK|Vinayak Malhotra|None|||
Croydon West|Taking the Initiative Party|Donna Murray-Turner|None|||
Croydon West|Green Party of England and Wales|Ria Patel|None|||
Croydon West|Workers Party of Britain|Ahsan Ullah|None|||
Edmonton and Winchmore Hill|Christian Peoples Alliance|Yemi Awolola|None|||
Edmonton and Winchmore Hill|Green Party of England and Wales|Luke Balnave|None|||
Edmonton and Winchmore Hill|Workers Party of Britain|Denise Headley|None|||
Edmonton and Winchmore Hill|Conservative Party |Zoe Huggins|None|||
Edmonton and Winchmore Hill|Liberal Democrats |Tim Martin|None|||
Edmonton and Winchmore Hill|Labour Party |Kate Osamor|None|||
Edmonton and Winchmore Hill|Independent |Khalid Sadur|None|||
Edmonton and Winchmore Hill||Neville Watson|None|||
Edmonton and Winchmore Hill|Liberal Democrats |Ulysse Abbate|None|2,423|5.3|-2.2
Edmonton and Winchmore Hill|Independent politician|John Courtneidge|None|91|0.2|+0.2
Edmonton and Winchmore Hill|Conservative Party |Charlie Davis|None|11,640|25.5|-21.4
Edmonton and Winchmore Hill|Labour Party |Clive Efford|None|20,069|44.0|+3.9
Edmonton and Winchmore Hill|Green Party of England and Wales|Sam Gabriel|None|3,079|6.8|+3.8
Edmonton and Winchmore Hill|Independent politician|Christian Hacking|None|173|0.4|
Edmonton and Winchmore Hill|Reform UK|Mark Simpson|None|7,428|16.3|+13.7
Edmonton and Winchmore Hill|Workers Party of Britain|Sean Stewart |None|356|0.8|
Edmonton and Winchmore Hill|Independent politician|Arnold Tarling|None|307|0.7|
Hammersmith and Chiswick|Rejoin EU|Bill Colegrave|None|||
Hammersmith and Chiswick|Conservative Party |Andrew Dinsmore|None|||
Hammersmith and Chiswick|Workers Revolutionary Party |Scott Dore|None|||
Hammersmith and Chiswick|Workers Party of Britain|Raj Gill |None|||
Hammersmith and Chiswick|Reform UK|Louise Petano-Heathcote|None|||
Hammersmith and Chiswick|Liberal Democrats |Eraj Rostaqi|None|||
Hammersmith and Chiswick|Green Party of England and Wales|Naranee Ruthra-Rajan|None|||
Hammersmith and Chiswick||Andy Slaughter|None|||
Hammersmith and Chiswick|Labour Party |Tulip Siddiq|winning|23,432|48.3|0
Hammersmith and Chiswick|Conservative Party |Don Williams|None|8,462|17.4|0
Hammersmith and Chiswick|Green Party of England and Wales|Lorna Russell|None|6,630|13.7|0
Hammersmith and Chiswick|Liberal Democrats |Scott Emery|None|6,181|12.7|0
Hammersmith and Chiswick|Reform UK|Catherine Becker|None|2,940|6.1|0
Hammersmith and Chiswick|Rejoin EU|Christie Elan-Cane|None|532|1.1|0
Hammersmith and Chiswick||Jonathan Livingstone|None|13,970|28.8|0
Hornsey and Friern Barnet|Labour Party |Catherine West|winning|28,535|58.7|+1.4
Hornsey and Friern Barnet|Green Party of England and Wales|Fabio Vollono|None|7,060|14.5|+10.7
Hornsey and Friern Barnet|Liberal Democrats |Dawn Barnes|None|6,099|12.5|-13.1
Hornsey and Friern Barnet|Conservative Party |Naz Panju|None|4,011|8.2|-3.6
Hornsey and Friern Barnet|Reform UK|Navdeep Singh|None|1,989|4.1|+3.2
Hornsey and Friern Barnet|Workers Party of Britain|Dino Philippos|None|766|1.6|+1.6
Hornsey and Friern Barnet|Christian Peoples Alliance|Helen Spiby-Vann|None|182|0.4|0.0
Kensington and Bayswater|Green Party of England and Wales|Mona Adam |None|||
Kensington and Bayswater|Conservative Party |Felicity Buchan|None|||
Kensington and Bayswater|Reform UK|Marc Burca |None|||
Kensington and Bayswater|Independent politician|Emma Dent Coad|None|||
Kensington and Bayswater|Liberal Democrats |William Houngbo |None|||
Kensington and Bayswater|Party of Women|Una O'Mahony|None|||
Kensington and Bayswater|Christian Peoples Alliance |Roger Phillips |None|||
Kensington and Bayswater|Labour Party |Joe Powell |None|||
Kensington and Bayswater|Independent politician |Emperor of India Prince Ankit Love |None|||
Kensington and Bayswater|Rejoin EU |John Stevens |None|||
Lewisham North|Workers Party of Britain |Mian Akbar|None|||
Lewisham North|Liberal Democrats |Jean Branch|None|||
Lewisham North|Labour Party |Vicky Foxcroft|None|||
Lewisham North|Alliance For Green Socialism|John Lloyd|None|||
Lewisham North|Conservative Party |Nupur Majumdar|None|||
Lewisham North|Reform UK|Edward Powell|None|||
Lewisham North|Green Party of England and Wales|Adam Pugh|None|||
Lewisham North|Communist Party of Britain|Oliver Snelling|None|||
Lewisham North|Independent |Julia Tilford|None|||
Lewisham West and East Dulwich|Green Party of England and Wales|Callum Fowler|None|||
Lewisham West and East Dulwich|Christian Peoples Alliance|Katherine Hortense|None|||
Lewisham West and East Dulwich|Liberal Democrats |Josh Matthews|None|||
Lewisham West and East Dulwich|Reform UK|Marian Newton|None|||
Lewisham West and East Dulwich|Labour Party |Ellie Reeves|None|||
Lewisham West and East Dulwich|Workers Party of Britain|Gwenton Sloley|None|||
Lewisham West and East Dulwich|Conservative Party |Christine Wallace|None|||
Peckham|Independent |Jennifer Blake|None|||
Peckham|Labour and Co-operative Party |Miatta Fahnbulleh |None|||
Peckham|Independent |Stefan Harvey|None|||
Peckham|Workers Revolutionary Party |Mariatu Kargbo |None|||
Peckham|Rejoin EU|Alex Kerr|None|||
Peckham|Conservative Party |Ben Mascall|None|||
Peckham|Yoruba Party |Olusola Oni |None|||
Peckham|Reform UK|Linda Purcell|None|||
Peckham|Green Party of England and Wales|Claire Sheppard|None|||
Peckham|Liberal Democrats |David Watson|None|||
Queen|Liberal Democrats |Helen Baxter|None|3,417|8.9|-5
Queen|Reform UK|Angela Carter-Begbie|None|2,106|5.5|-
Queen|Independent politician|Abdulla Dharamsi|None|601|1.6|-
Queen|Conservative Party |Samia Hersi|None|5,088|52.5|-9.4
Queen|Green Party of England and Wales|Vivien Lichtenstein|None|5,213|13.6|+10.4
Queen|Workers Party of Britain|Irakli Menabde|None|||
Southgate and Wood Green|Labour Party |Bambos Charalambous|winning|23,337|51.1|+2.6
Southgate and Wood Green|Conservative Party |Eric Sukumaran|None|8,037|17.6|-21.5
Southgate and Wood Green|Green Party of England and Wales|Charith Gunawardena|None|5,607|12.3|+10.1
Southgate and Wood Green|Liberal Democrats |Lauren Fulbright|None|3,925|8.6|-0.6
Southgate and Wood Green|Reform UK|Lucy O'Sullivan|None|3,147|6.9|+5.9
Southgate and Wood Green|Workers Party of Britain|Geoff Moseley|None|833|1.8|
Southgate and Wood Green|Trade Union and Socialist Coalition|Karl Vidol|None|785|1.7|
West Ham and Beckton |Labour Party |James Asser|winning|16,434|45.2|-25.5
West Ham and Beckton |Newham Independents|Sophia Naqvi|None|7,180|19.8|
West Ham and Beckton |Green Party of England and Wales|Rob Callender|None|3,897|10.7|+8.2
West Ham and Beckton |Conservative Party |Holly Alice Ramsey|None|3,781|10.4|-6.0
West Ham and Beckton |Reform UK|Georgie David|None|2,800|7.7|+4.9
West Ham and Beckton |Liberal Democrats |Emily Bigland|None|1,606|4.4|-1.7
West Ham and Beckton |Christian Peoples Alliance|Kayode Shedowo|None|460|1.3|+0.2
West Ham and Beckton |Trade Unionist and Socialist Coalition|Lois Austin|None|9,254|25.7|-28.6
Barking|Labour Party |Nesil Caliskan|winning|16,227|44.5|
Barking|Reform UK|Clive Peacock|None|5,173|14.2|
Barking|Green Party of England and Wales|Simon Anthony|None|4,988|13.7|
Barking|Conservative Party |Julie Redmond|None|4,294|11.8|
Barking|Workers Party of Britain|Muhammad Asim|None|3,578|9.8|
Barking|Liberal Democrats |Charley Hasted|None|1,015|2.8|
Barking|Independent |Dee Dias|None|753|2.1|
Barking|Christian Peoples Alliance|Lucy Baiye-Gaman|None|449|1.2|
Battersea|Labour Party |Marsha de Cordova|winning|22,983|48.8|
Battersea|Conservative Party |Tom Pridham|None|10,944|23.2|
Battersea|Liberal Democrats |Francis Chubb|None|4,826|10.3|
Battersea|Green Party of England and Wales|Joe Taylor|None|4,239|9.0|
Battersea|Reform UK|Barry Edwards|None|2,825|6.0|
Battersea|Workers Party of Britain|Daniel Smith|None|499|1.1|
Battersea|Rejoin EU|Georgina Burford-Connole|None|401|0.9|
Battersea|Independent |Jake Thomas|None|216|0.5|
Battersea|Social Democratic Party |Ed Dampier|None|12,039|25.6|
Bermondsey and Old Southwark|Labour Party |Neil Coyle|winning|16,857|44.8|
Bermondsey and Old Southwark|Liberal Democrats |Rachel Bentley|None|9,070|24.1|
Bermondsey and Old Southwark|Green Party of England and Wales|Susan Hunter|None|4,477|11.9|
Bermondsey and Old Southwark|Reform UK|Tony Sharp|None|3,397|9.0|
Bermondsey and Old Southwark|Conservative Party |Jonathan Iliff|None|2,879|7.7|
Bermondsey and Old Southwark|Independent |Piers Corbyn|None|403|1.1|
Bermondsey and Old Southwark|Independent |Niko Omilana|None|273|0.7|
Bermondsey and Old Southwark|Independent |Barry Duckett|None|7,787|20.7|
Bexleyheath and Crayford|Labour Party |Daniel Francis |winning|15717|36.2|+7.2
Bexleyheath and Crayford|Conservative Party |Mark Brooks|None|13603|31.3|
Bexleyheath and Crayford|Reform UK|Tom Bright|None|9861|22.7|+21.8
Bexleyheath and Crayford|Liberal Democrats |David McBride|None|2204|5.1|
Bexleyheath and Crayford|Green Party of England and Wales|George Edgar|None|2114|4.9|
Brentford and Isleworth|Labour Party |Ruth Cadbury|winning|20,007|44.2|-6.1
Brentford and Isleworth|Conservative Party |Laura Blumenthal|None|10,183|22.5|-5.8
Brentford and Isleworth|Green Party of England and Wales|Freya Summersgill|None|4,029|8.9|+5.9
Brentford and Isleworth|Reform UK|David Kerr|None|3,940|8.7|+6.6
Brentford and Isleworth|Liberal Democrats |Kuldev Sehra|None|3,863|8.5|-7.8
Brentford and Isleworth|Workers Party of Britain|Nisar Malik|None|2,746|6.1|
Brentford and Isleworth|Independent politician|Zebunisa Rao|None|9,824|21.7|
Carshalton and Wallington|Liberal Democrats |Bobby Dean |winning|20,126|43.1|
Carshalton and Wallington|Conservative Party |Elliot Colburn|None|12,221|26.2|
Carshalton and Wallington|Labour Party |Hersh Thaker|None|6,108|13.1|
Carshalton and Wallington|Reform UK|Elizabeth Cooper|None|5,941|12.7|
Carshalton and Wallington|Green Party of England and Wales|Tracey Hague|None|1,517|3.3|
Carshalton and Wallington|Workers Party of Britain|Atif Rashid|None|441|0.9|
Carshalton and Wallington|Christian Peoples Alliance|Ashley Dickenson|None|231|0.5|
Carshalton and Wallington|Social Democratic Party |Steve Kelleher|None|7,905|16.9|
Chelsea and Fulham|Labour Party |Ben Coleman |None|18,556|39.4|+10.3
Chelsea and Fulham|Conservative Party |Greg Hands|None|18,404|39.1|
Chelsea and Fulham|Liberal Democrats |Blaise Baquiche|None|3,611|7.7|
Chelsea and Fulham|Reform UK|Anthony Goodwin|None|3,144|6.7|+6.4
Chelsea and Fulham|Green Party of England and Wales|Mona Crocker|None|2,798|5.9|+5.5
Chelsea and Fulham|Workers Party of Britain|Sabi Patwary |None|538|1.1|+1.1
Chelsea and Fulham|Heritage Party |David Poulden |None|152||
Chingford and Woodford Green|Conservative Party |Iain Duncan Smith|winning|17,281|35.6|-12.6
Chingford and Woodford Green|Labour Party |Shama Tatler|None|12,523|25.8|-19.5
Chingford and Woodford Green|Independent|Faiza Shaheen|None|12,445|25.7|
Chingford and Woodford Green|Reform UK|Paul Luggeri|None|3,653|7.5|
Chingford and Woodford Green|Green Party of England and Wales|Chris Brody|None|1,334|2.7|+2.3
Chingford and Woodford Green|Liberal Democrats |Josh Hadley|None|||
Chipping Barnet|Labour Party |Dan Tomlinson|winning|21,585||
Chipping Barnet|Conservative Party |Theresa Villiers|None|18,671||
Chipping Barnet|Reform UK|Hamish Haddow|None|3,986||
Chipping Barnet|Green Party of England and Wales|David Farbey|None|3,442||
Chipping Barnet|Liberal Democrats |Mark Durrant|None|2,614||
Chipping Barnet|Rejoin EU|Richard Hewison|None|379||
Chipping Barnet|Independent |Kay Lauer|None|182||
Cities of London and Westminster|Labour and Co-operative|Rachel Blake|winning|15,302|39.0|+10.1
Cities of London and Westminster|Conservative Party |Tim Barnes|None|12,594|32.1|
Cities of London and Westminster|Liberal Democrats |Edward Lucas |None|4,335|11.1|
Cities of London and Westminster|Green Party of England and Wales|Rajiv Sinha|None|2,844|7.3|+5.4
Cities of London and Westminster|Reform UK|Tarun Ghulati|None|2,752|7.0|+6.8
Cities of London and Westminster|Workers Party of Britain|Hoz Shafiei|None|727|1.9|
Cities of London and Westminster|Rejoin EU|Liz Burford|None|352|0.9|
Cities of London and Westminster|Social Democratic Party |Huge de Burgh|None|110|0.3|
Cities of London and Westminster|Independent politician|John Generic|None|110|0.3|
Cities of London and Westminster|Independent politician|Tim Hallett|None|55|0.1|
Cities of London and Westminster|Independent politician|Matthew Carr|None|2,708|6.9|
Croydon South|Conservative Party |Chris Philp|winning|19,757|40.0|
Croydon South|Labour Party |Ben Taylor|None|17,444|35.3|
Croydon South|Liberal Democrats |Richard Howard|None|4,384|8.9|
Croydon South|Reform UK|Bob Bromley|None|4,149|8.4|
Croydon South|Green Party of England and Wales|Elaine Garrod|None|2,859|5.8|
Croydon South|Workers Party of Britain|Kulsum Hussin|None|612|1.2|
Croydon South|Independent |Mark Samuel|None|173|0.4|
Dagenham and Rainham|Labour Party |Margaret Mullane|winning|16,571|42.6|
Dagenham and Rainham|Reform UK|Kevin Godfrey|None|9,398|24.2|
Dagenham and Rainham|Conservative Party |Sam Holland|None|6,926|17.8|
Dagenham and Rainham|Green Party of England and Wales|Kim Arrowsmith|None|4,184|10.8|
Dagenham and Rainham|Liberal Democrats |Francesca Flack|None|1,033|2.7|
Dagenham and Rainham|Independent politician|Terence London|None|7,173|18.4|
Dulwich and West Norwood|Labour Party |Helen Hayes |winning|27,356|60.3|
Dulwich and West Norwood|Green Party of England and Wales|Pete Elliott|None|8,567|18.9|
Dulwich and West Norwood|Conservative Party |Leon Cook|None|3,873|8.5|
Dulwich and West Norwood|Liberal Democrats |Donna Harris|None|3,485|7.7|
Dulwich and West Norwood|Reform UK|Gary Stevens|None|1,801|4.0|
Dulwich and West Norwood|Independent |The Cannibals |None|18,789|41.4|
Ealing Central and Acton|Social Democratic Party |Stephen Balogh|None|||
Ealing Central and Acton|Independent politician|Julie Carter|None|||
Ealing Central and Acton|Green Party of England and Wales|Kate Crossland|None|||
Ealing Central and Acton|Labour Party |Rupa Huq|None|||
Ealing Central and Acton|Workers Party of Britain|Nada Jarche|None|||
Ealing Central and Acton|Liberal Democrats |Alastair Mitton|None|||
Ealing Central and Acton|Reform UK|Felix Orrell|None|||
Ealing Central and Acton|Conservative|James Windsor-Clive|None|||
Ealing Central and Acton|Labour Party |Rupa Huq|winning|28,132|51.3|
Ealing Central and Acton|Conservative Party |Julian Gallant|None|14,832|27.1|
Ealing Central and Acton|Liberal Democrats |Sonul Badiani|None|9,444|17.2|
Ealing Central and Acton|Green Party of England and Wales|Kate Crossland|None|1,735|3.2|
Ealing Central and Acton|Brexit Party|Samir Alsoodani|None|664|1.2|
Ealing North|Independent politician|Helmi Alharahsheh|None|||
Ealing North|Social Democratic Party |Leslie Beaumont|None|||
Ealing North|Workers Party of Britain|Sameh Habeeb|None|||
Ealing North|Reform UK|Leon Harris|None|||
Ealing North|Conservative Party |Maria Khan|None|||
Ealing North|Green Party of England and Wales|Natalia Kubica|None|||
Ealing North|Labour and Co-operative|James Murray |None|||
Ealing North|Liberal Democrats |Craig O|None|||
Ealing North|Labour and Co-operative|James Murray |winning|28,036|56.5|
Ealing North|Conservative Party |Anthony Pickles|None|15,767|31.8|+3.3
Ealing North|Liberal Democrats |Henrietta Bewley|None|4,370|8.8|+6.4
Ealing North|Green Party of England and Wales|Jeremy Parker|None|12,269|24.7|
East Ham|Liberal Democrats |Hillary Briffa|None|||
East Ham|Conservative Party |Maria Higson|None|||
East Ham|Independent|Tahir Mirza|None|||
East Ham|Reform UK|Dan Oxley|None|||
East Ham|Green Party of England and Wales|Rosie Pearce|None|||
East Ham|Independent|Sathish Ramadoss |None|||
East Ham|Independent politician|Anand Sundar|None|||
East Ham|Labour Party |Stephen Timms|None|||
Enfield North|Workers Party of Britain|Aishat Anifowoshe|None|||
Enfield North|Reform UK|Stephen Bird|None|||
Enfield North|Labour Party |Feryal Clark|None|||
Enfield North|Conservative Party |Chris Dey|None|||
Enfield North|Independent |Ertan Karpazli|None|||
Enfield North|Liberal Democrats |Guy Russo|None|||
Enfield North|Green Party of England and Wales|Isobel Whittaker|None|||
Enfield North|Labour Party |Feryal Clark|winning|23,340|51.8|-6.2
Enfield North|Conservative Party |Joanne Laban|None|16,848|37.4|+0.5
Enfield North|Liberal Democrats |Guy Russo|None|2,950|6.5|+4.4
Enfield North|Green Party of England and Wales|Isobel Whittaker|None|1,115|2.5|+1.3
Enfield North|Brexit Party|Ike Ijeh|None|6,492|14.4|-6.7
Erith and Thamesmead |Green Party of England and Wales|Sarah Barry|None|||
Erith and Thamesmead |Liberal Democrats |Pierce Chalmers|None|||
Erith and Thamesmead |Independent politician|Diana Diamond|None|||
Erith and Thamesmead |Conservative Party |Richard Mark|None|||
Erith and Thamesmead |Labour Party |Abena Oppong-Asare|None|||
Erith and Thamesmead |Reform UK|Michael Pastor|None|||
Erith and Thamesmead |Workers Party of Britain|Mohammed Shahed|None|||
Feltham and Heston|Independent politician|Ian Brown|None|||
Feltham and Heston|Independent politician|Aysha Choudhury|None|||
Feltham and Heston|Conservative Party |Reva Gudi|None|||
Feltham and Heston|Green Party of England and Wales|Katharine Kandelaki|None|||
Feltham and Heston|Labour and Co-operative Party|Seema Malhotra|None|||
Feltham and Heston|Workers Party of Britain|Amritpal Mann|None|||
Feltham and Heston|Independent|Damian Read|None|||
Feltham and Heston|Liberal Democrats |Dhruv Sengupta|None|||
Feltham and Heston|Reform UK|Prabhdeep Singh|None|||
Feltham and Heston|Independent politician|Abdul Majid Tramboo|None|||
Feltham and Heston|Labour and Co-operative|Seema Malhotra|winning|24,876|52.0|-9.2
Feltham and Heston|Conservative Party |Jane Keep|None|17,017|35.6|+3.8
Feltham and Heston|Liberal Democrats |Hina Malik|None|3,127|6.5|+3.9
Feltham and Heston|Brexit Party|Martyn Nelson|None|1,658|3.5|
Feltham and Heston|Green Party of England and Wales|Tony Firkins|None|7,859|16.4|-13.0
Finchley and Golders Green|Labour Party |Sarah Sackman|winning|21,857|44.3|+19.9
Finchley and Golders Green|Conservative Party |Alex Deane|None|17,276|35.1|-8.7
Finchley and Golders Green|Liberal Democrats |Sarah Hoyle|None|3,375|6.8|-25.0
Finchley and Golders Green|Green Party of England and Wales|Steve Parsons|None|3,107|6.3|
Finchley and Golders Green|Reform UK|Bepi Pezzulli|None|2,598|5.3|
Finchley and Golders Green|Rejoin EU|Brendan Donnelly |None|486|1.0|
Finchley and Golders Green|Party of Women|Katharine Murphy|None|318|0.6|
Finchley and Golders Green|Independent |Michael Shad|None|4,581|9.2|
Greenwich and Woolwich |Labour Party |Matthew Pennycook|winning|23,999|56.2|-0.6
Greenwich and Woolwich |Green Party of England and Wales|Stacy Smith|None|5,633|13.2|+8.8
Greenwich and Woolwich |Conservative Party |Jonathan Goff|None|4,863|11.4|-10.7
Greenwich and Woolwich |Liberal Democrats |Chris Annous|None|3,865|9.0|-4.7
Greenwich and Woolwich |Reform UK|Abdoul Ndiaye|None|3,305|7.7|
Greenwich and Woolwich |Workers Party of Britain|Sheikh Raquib|None|570|1.3|
Greenwich and Woolwich |Independent politician|Niko Omilana|None|311|0.7|
Greenwich and Woolwich |Climate Party|Priyank Bakshi|None|18366|43.0|+8.3
Hackney South and Shoreditch|Reform UK|Anil Bhatti|None|||
Hackney South and Shoreditch|Green Party of England and Wales|Laura-Louise Fairley|None|||
Hackney South and Shoreditch|Labour and Co-operative Party|Meg Hillier|None|||
Hackney South and Shoreditch|Workers Party of Britain|Shahed Hussain|None|||
Hackney South and Shoreditch|Conservative Party |Joanna Reeves|None|||
Hackney South and Shoreditch|Liberal Democrats |Theo Roos|None|||
Hackney South and Shoreditch|Workers Revolutionary Party |Carol Small|None|||
Harrow East|Conservative Party |Bob Blackman|winning|25,466|53.3|
Harrow East|Labour Party |Primesh Patel|None|13,786|28.9|
Harrow East|Reform UK|Roger Clark|None|2,188|4.6|
Harrow East|Independent|Sabira Lakha|None|2,097|4.4|
Harrow East|Green Party of England and Wales|Seb Newsam|None|2,006|4.2|
Harrow East|Liberal Democrats |Reetendra Nath Banerji|None|1,511|3.2|
Harrow East|Workers Party of Britain|Sarajulhaq Parwani|None|723|1.5|
Hayes and Harlington|Labour Party |John McDonnell|None|20,405|53.3|-2.5
Hayes and Harlington|Conservative Party |Dylan Thomas|None|8,374|21.9|-12.8
Hayes and Harlington|Reform UK|Francoise Thompson|None|4,114|10.7|7.8
Hayes and Harlington|Green Party of England and Wales|Christine West|None|2,131|5.6|3.9
Hayes and Harlington|Workers Party of Britain|Rizwana Karim|None|1,975|5.2|
Hayes and Harlington|Liberal Democrats |Alex Cunliffe|None|1,316|3.4|-1.0
Hendon|Labour Party |David Pinto-Duschinsky|winning|15,855|38.4|
Hendon|Conservative Party |Ameet Jogia|None|15,840|38.4|
Hendon|Reform UK|Joshua Pearl|None|3,038|7.4|
Hendon|Green Party of England and Wales|Gabrielle Bailey|None|2,667|6.5|
Hendon|Liberal Democrats |Clareine Enderby|None|1,966|4.8|
Hendon|Workers Party of Britain|Imtiaz Palekar|None|1,518|3.7|
Hendon|Rejoin EU|Ben Rend|None|233|0.6|
Hendon|Social Democratic Party |Jane Gibson|None|139|0.3|
Hornchurch and Upminster|Conservative and Unionist Party |Julia Lopez |winning|15,260|32.5|-32.9
Hornchurch and Upminster|Reform UK|Nicholas Palmer|None|13,317|28.4|
Hornchurch and Upminster|Labour Party |Sunny Brar|None|12,939|27.6|+4.7
Hornchurch and Upminster|Green Party of England and Wales|Melanie Collins|None|2,620|5.6|+2.0
Hornchurch and Upminster|Liberal Democrats |Ian Sanderson|None|2,381|5.1|-2.0
Hornchurch and Upminster|Independent politician|David Durant|None|1,943|4.1|-39.1
Ilford North|Labour Party |Wes Streeting|winning|15,647|33.4|-20.7
Ilford North|Independent|Leanne Mohamad|None|15,119|32.2|
Ilford North|Conservative Party |Kaz Rizvi|None|9,619|20.5|-16.2
Ilford North|Reform UK|Alex Wilson |None|3,621|7.7|+5.8
Ilford North|Green Party of England and Wales|Rachel Collinson|None|1,794|3.8|+2.4
Ilford North|Liberal Democrats |Fraser Coppin|None|528|1.2|
Ilford South |Labour Party |Jas Athwal|None|||
Ilford South |Independent |Noor Begum|None|||
Ilford South |Liberal Democrats |Richard Clare|None|||
Ilford South |Reform UK|Raj Forhad |None|||
Ilford South |Green Party of England and Wales|Syed Siddiqi|None|||
Ilford South |Conservative Party |Sayeed Syduzzaman|None|||
Ilford South |Workers Party of Britain|Golam Tipu|None|||
Ilford South |Trade Unionist and Socialist Coalition|Andy Walker|None|||
Lewisham East|Conservative Party |Louise Brice|None|4,401|10.8|-9.2
Lewisham East|Labour Party |Janet Daby|None|23,646|58.2|-4.5
Lewisham East|Shared Ground|Richard Galloway|None|96|0.2|+0.2
Lewisham East|Reform UK|Ruth Handyside|None|3,469|8.5|+5.9
Lewisham East|Green Party of England and Wales|Mike Herron|None|5,573|13.7|+10.2
Lewisham East|Workers Party of Britain|Steph Koffi|None|577|1.4|+1.4
Lewisham East|Liberal Democrats |Callum Littlemore|None|2,471|6.1|-4.0
Lewisham East|Christian Peoples Alliance|Maureen Martin|None|||
Leyton and Wanstead |Labour Party |Calvin Bailey|winning|20,755|47.5|
Leyton and Wanstead |Green Party of England and Wales|Charlotte Lafferty|None|6,791|15.5|
Leyton and Wanstead |Conservative Party |Gloria Croxall|None|4,846|11.1|
Leyton and Wanstead |Independent|Shanell Johnson|None|4,173|9.5|
Leyton and Wanstead |Liberal Democrats |Tara Copeland|None|2,815|6.4|
Leyton and Wanstead |Reform UK|David Sandground|None|2,475|5.7|
Leyton and Wanstead |Workers Party of Britain|Mahtab Anwar Aziz|None|1,633|3.7|
Leyton and Wanstead |Rejoin EU|Simon Bezer|None|13,964||
Mitcham and Morden |Christian Peoples Alliance|Desmond Coke|None|||
Mitcham and Morden |Conservative Party |Eleanor Cox|None|||
Mitcham and Morden |Liberal Democrats |Jenifer Gould|None|||
Mitcham and Morden |Workers Party of Britain|Mehmood Jamshed|None|||
Mitcham and Morden |Green Party of England and Wales|Pippa Maslin|None|||
Mitcham and Morden |Labour Party |Siobhain McDonagh|None|||
Mitcham and Morden |Reform UK|Ruth Price|None|||
Mitcham and Morden |Labour Party |Siobhain McDonagh|winning|27,964|61.1|-7.6
Mitcham and Morden |Conservative Party |Toby Williams|None|11,482|25.1|+0.9
Mitcham and Morden |Liberal Democrats |Luke Taylor|None|3,717|8.1|+5.0
Mitcham and Morden |Brexit Party|Jeremy Maddocks|None|1,202|2.6|
Mitcham and Morden |Green Party of England and Wales|Pippa Maslin|None|1,160|2.5|+1.2
Mitcham and Morden |Christian Peoples Alliance|Des Coke|None|216|0.5|0.0
Old Bexley and Sidcup|Conservative Party |Louie French|winning|17,910|37.6|
Old Bexley and Sidcup|Labour Party |Edward Jones|None|14,362|30.2|
Old Bexley and Sidcup|Reform UK|Maxine Fothergill|None|10,384|21.8|
Old Bexley and Sidcup|Green Party of England and Wales|Brad Davies|None|2,601|5.5|
Old Bexley and Sidcup|Liberal Democrats |Adrian Hyyrylainen-Trett|None|1,927|4.0|
Old Bexley and Sidcup|Rejoin EU|Laurent Williams|None|251|0.5|
Old Bexley and Sidcup|Independent|Andrew Still|None|3,548|7.4|
Orpington|Conservative Party |Gareth Bacon|winning|17,504|38|
Orpington|Labour Party |Ju Owens|None|12,386|26.9|+7.1
Orpington|Reform UK|Mark James|None|8,896|19.3|+19.3
Orpington|Liberal Democrats |Graeme Casey|None|4,728|10.3|
Orpington|Green Party of England and Wales|Seamus McCauley|None|2,319|5|+1.3
Orpington|Social Democratic Party |John Bright|None|5,118||
Poplar and Limehouse|Labour Party |Apsana Begum|winning|18,535|43.1|
Poplar and Limehouse|Green Party of England and Wales|Nathalie Bienfait|None|5,975|13.9|
Poplar and Limehouse|Conservative Party |Freddie Downing|None|4,738|11.0|
Poplar and Limehouse|Independent |Ehtashamul Haque|None|4,554|10.6|
Poplar and Limehouse|Liberal Democrats |Richard Flowers|None|4,189|9.7|
Poplar and Limehouse|Reform UK|Tony Glover|None|3,403|7.9|
Poplar and Limehouse|Workers Party of Britain|Kamran Khan|None|1,463|3.4|
Poplar and Limehouse|Social Democratic Party |Manny Lawal|None|12,560|29.2|
Richmond Park |Labour Party |Laura Coryton|None|||
Richmond Park |The Mitre TW|Chris French|None|||
Richmond Park |Conservative Party |Sara Gezdari|None|||
Richmond Park |Social Democratic Party |Richard Harrison|None|||
Richmond Park |Reform UK|Michael Hearn|None|||
Richmond Park |Liberal Democrats |Sarah Olney|None|||
Richmond Park |Green Party of England and Wales|Chas Warlow|None|||
Richmond Park |Liberal Democrats |Sarah Olney|winning|34,559|53.1|+8.0
Richmond Park |Conservative Party |Zac Goldsmith|None|26,793|41.2|
Richmond Park |Labour Party |Sandra Keen|None|3,407|5.2|
Richmond Park |Independent politician|Caroline Shah|None|247|0.4|
Richmond Park |Independent politician|John Usher|None|7,766|11.9|
Romford|Conservative Party |Andrew Rosindell|winning|15,339|34.8|-30.0
Romford|Labour Party |Andrew Achilleos|None|13,876|31.5|+5.1
Romford|Reform UK|Philip Hyde|None|9,624|21.8|
Romford|Green Party of England and Wales|David Hughes|None|2,220|5.0|+2.0
Romford|Liberal Democrats |Thomas Clarke|None|1,895|4.3|-1.5
Romford|Workers Party of Britain|Zhafaran Qayum|None|898|2.0|
Romford|English Constitution Party|Colin Birch|None|1,463|3.3|-35.1
Sutton and Cheam|Liberal Democrats |Luke Taylor |winning|17,576|36.9|+3.5
Sutton and Cheam|Conservative Party |Tom Drummond|None|13,775|28.9|-21.1
Sutton and Cheam|Labour Party |Chrishni Reshekaron|None|8,430|17.7|+3.4
Sutton and Cheam|Reform UK|Ryan Powell|None|5,787|12.2|+12.2
Sutton and Cheam|Green Party of England and Wales|Aasha Anam|None|1,721|3.6|+1.3
Sutton and Cheam|Independent |Hamilton Action-Man Kingsley |None|||
Tooting |Labour Party |Rosena Allin-Khan|None|29,209|55.2|+2.5
Tooting |Conservative Party |Ethan Brooks |None|9,722|18.4|-9.8
Tooting |Green Party of England and Wales|Nick Humberstone|None|5,672|10.7|+6.7
Tooting |Liberal Democrats |Judith Trounson|None|4,438|8.4|-5.8
Tooting |Reform UK |Andrew Price   |None|2,546|4.8|+4.0
Tooting |Workers Party of Britain|Tarik Hussain|None|807|1.5|+1.5
Tooting |Rejoin EU|Jas Alduk|None|370|0.7|+0.7
Tooting |Independent |Davinder Singh Jamus  |None|19,487|36.8|+12.3
Tottenham|Labour Party |David Lammy|winning|35,621|76.0|-5.6
Tottenham|Liberal Democrats |Tammy Palmer|None|3,168|6.8|+3.4
Tottenham|Green Party of England and Wales|Emma Chan|None|1,873|4.0|+1.4
Tottenham|Social Democratic Party |Andrew Bence|None|91|0.2|
Tottenham|Workers Revolutionary Party |Frank Sweeney|None|88|0.2|
Twickenham |Liberal Democrats |Munira Wilson|winning|30,185|56.3|+0.1
Twickenham |Conservative Party |Jonathan Hulley|None|8,728|16.3|
Twickenham |Labour Party |Tom Bruce|None|6,693|12.5|+3.8
Twickenham |Reform UK|Alexander Starling|None|4,092|7.6|+6.3
Twickenham |Green Party of England and Wales|Chantal Kerr-Sheppard|None|3,590|6.7|
Twickenham |Workers Party of Britain|Umair Malik |None|21,457|40.0|+18.1
Walthamstow|Labour Co-operative|Stella Creasy|winning|27,172|59.3|-16.8
Walthamstow|Green Party of England and Wales|Rosalinda Rowlands|None|9,176|20.0|+16.4
Walthamstow|Conservative Party |Sanjana Karnani|None|2,353|5.1|-7.2
Walthamstow|Reform UK|Martin Lonergan|None|1,836|4.0|+2.4
Walthamstow|Liberal Democrats |Rebecca Taylor |None|1,736|3.8|-2.1
Walthamstow|Workers Party of Britain|Imran Arshad|None|1,535|3.3|
Walthamstow|Independent|Mohammed Ashfaq|None|914|2.0|
Walthamstow|TUSC|Nancy Taaffe|None|561|1.2|
Walthamstow|Independent|Dan Edelstyn|None|288|0.6|
Walthamstow|Independent|Ruth Theresa Rawlins|None|17,996|39.3|-24.5
Wimbledon |Liberal Democrats |Paul Kohler |winning|24,790|45.1|+6.8
Wimbledon |Conservative Party |Danielle Dunfield-Prayero|None|12,180|22.2|-17.6
Wimbledon |Labour Party |Eleanor Stringer|None|11,733|21.3|+0.5
Wimbledon |Reform UK|Ben Cronin|None|3,221|5.9|+5.7
Wimbledon |Green Party of England and Wales|Rachel Brooks|None|2,442|4.4|+4.2
Wimbledon |Workers Party of Britain|Aaron Mafi|None|341|0.6|+0.6
Wimbledon |Independent politician|Sarah Barber|None|129|0.2|+0.2
Wimbledon |Independent politician|Amy Lynch|None|80|0.1|+0.1
Wimbledon |Heritage Party |Michael Watson|None|69|0.1|+0.1
Bath|Liberal Democrats |Wera Hobhouse|winning|19,883|41.3|
Bath|Labour Party |Dan Bewley|None|8,665|18.0|+5.5
Bath|Conservative Party |James Wright|None|7,659|15.9|
Bath|Green Party of England and Wales|Dominic Tristram|None|5,952|12.4|+12.1
Bath|Reform UK|Teresa Hall|None|3,798|7.9|+6.8
Bath|Independent politician|Colin David Blackburn|None|1,749|3.6|
Bath|Workers Party of Britain|Matthew Alford|None|230|0.5|
Bath|Independent politician|Bill Blockhead|None|169|0.4|
Bath||A|None|11,218|23.3|
Filton and Bradley Stoke|Labour Party |Claire Hazelgrove|winning|22,905|45.5|+9.7
Filton and Bradley Stoke|Conservative Party |Jack Lopresti|None|12,905|25.6|
Filton and Bradley Stoke|Reform UK|Stephen Burge|None|6,819|13.5|
Filton and Bradley Stoke|Green Party of England and Wales|James Nelson|None|4,142|8.2|+5.5
Filton and Bradley Stoke|Liberal Democrats |Benet Allen|None|10,000|19.9|
North Somerset|Labour Party |Sadik Al-Hassan|winning|19,138|35.6|+10.6
North Somerset|Conservative Party |Liam Fox|None|18,499|34.4|-19.1
North Somerset|Liberal Democrats |Ashley Cartman|None|7,121|13.2|-3.3
North Somerset|Reform UK|Alexander Kokkinoftas|None|5,602|10.4|
North Somerset|Green Party of England and Wales|Oscar Livesey-Lodwick|None|3,273|6.1|+1.2
North Somerset|Workers Party of Britain|Suneil Basu|None|639|1.2|-27.1
Thornbury and Yate|Liberal Democrats |Claire Young|winning|20,815|39.0|+6.4
Thornbury and Yate|Conservative Party |Luke Hall |None|17,801|33.4|
Thornbury and Yate|Reform UK|Andrew Banwell|None|7,529|14.1|
Thornbury and Yate|Labour Party |Rob Logan|None|5,057|9.5|+0.8
Thornbury and Yate|Green Party of England and Wales|Alexandra Jenner-Fust|None|3,014|3.9|
Frome and East Somerset|Green Party of England and Wales|Martin Dimery|None|||
Frome and East Somerset|Independent politician|Gavin Heathcote|None|||
Frome and East Somerset|Independent politician|Shaun Hughes|None|||
Frome and East Somerset|Labour Party |Robin Moss|None|||
Frome and East Somerset|Liberal Democrats |Anna Sabine|None|||
Frome and East Somerset|Reform UK|David Swain|None|||
Frome and East Somerset|Conservative Party |Lucy Trimnell|None|||
Wells and Mendip Hills|Liberal Democrats |Tessa Munt|None|23,622|46.9|+16.1
Wells and Mendip Hills|Conservative Party |Meg Powell-Chandler|None|12,501|24.8|-31.3
Wells and Mendip Hills|Reform UK|Helen Hims|None|6,611|13.1|+13.1
Wells and Mendip Hills|Labour Co-operative|Joe Joseph|None|3,527|7.0|-3.8
Wells and Mendip Hills|Green Party of England and Wales|Peter Welsh|None|2,068|4.1|+2.9
Wells and Mendip Hills|Independent politician|Abi McGuire|None|1,849|3.7|+3.7
Wells and Mendip Hills|Independent politician|Craig Clarke|None|11,121|22.1|
Weston|Labour Party |Dan Aldridge|None|||
Weston|Green Party of England and Wales|Thomas Daw|None|||
Weston|Liberal Democrats |Patrick Keating|None|||
Weston|Reform UK|Richard Pearse|None|||
Weston|Conservative Party|John Penrose|None|||
Camborne and Redruth|Labour Party |Perran Moon|winning|19,360|40.5|+6.3
North Cornwall|Liberal Democrats |Ben Maguire|None|24,904|47.8|+17.9
North Cornwall|Conservative Party |Scott Mann |None|14,137|27.2|-31.9
North Cornwall|Reform UK|Rowland O'Connor|None|8,444|16.2|+16.2
North Cornwall|Labour Party |Robyn Harris|None|2,958|5.7|-3.9
North Cornwall|Green Party of England and Wales|Lance Symonds|None|1,335|2.6|+2.4
North Cornwall|Heritage Party |Sarah Farrell|None|10,767|20.6|
South East Cornwall|Labour Party |Anna Gelderd|winning|15,670|31.8|
South East Cornwall|Conservative Party |Sheryll Murray|None|13,759|27.9|
South East Cornwall|Reform UK|Paul Wadley|None|9,311|18.9|
South East Cornwall|Liberal Democrats |Colin Martin|None|8,284|16.8|
South East Cornwall|Green Party of England and Wales|Martin Corney|None|1,999|4.1|
South East Cornwall|Heritage Party |Graham Cowdry|None|1,911|3.9|
St Austell and Newquay|Reform UK|Stephen Beal|None|9,212|19.7|
St Austell and Newquay|Liberal Democrats |Joanna Kenny|None|4,805|10.3|
St Austell and Newquay|Green Party of England and Wales|Amanda Pennington|None|2,337|5.0|+1.9
St Austell and Newquay|Liberal Party |Jay Latham|None|490|1.0|
St Austell and Newquay|Independent|Angie Rayner|None|2,470|5.2|
St Ives|Liberal Democrats |Andrew George |winning|25,033|52.0|
St Ives|Conservative Party |Derek Thomas |None|11,247|23.4|
St Ives|Reform UK|Giane Mortimer|None|6,492|13.5|
St Ives|Labour Party |Filson Ali|None|2,788|5.8|
St Ives|Green Party of England and Wales|Ian Flindall|None|1,797|3.7|
St Ives|Independent |Dave Laity|None|360|0.7|
St Ives|Liberal Party |Paul Nicholson|None|187|0.4|
St Ives|UKIP|Jason Saunders|None|111|0.2|
St Ives|The Common People|John Harris|None|13,786|28.6|
Truro and Falmouth|Labour and Co-operative|Jayne Kirkham|winning|20,783|41.3|
Truro and Falmouth|Conservative Party |Cherilyn Mackrory|None|12,632|25.1|
Truro and Falmouth|Liberal Democrats |Ruth Gripper|None|6,552|13.0|
Truro and Falmouth|Reform UK|Steve Rubidge|None|6,163|12.3|
Truro and Falmouth|Green Party of England and Wales|Karen La Borde|None|3,470|6.9|
Truro and Falmouth|Independent |Peter Lawrence|None|498|1.0|
Truro and Falmouth|Liberal Party |Peter White|None|8,151|16.2|
Exeter|Liberal Democrats |Will Aczel|None|4,201||
Exeter|Green Party of England and Wales|Andrew Bell|None|5,907||
Exeter|Reform UK|Lee Bunker|None|4,914||
Exeter|Independent politician|William Poulter|None|466||
Exeter|Labour Party |Steve Race|None|18,225||
Exeter|Independent politician|Robert Spain|None|194||
Exeter|Conservative Party |Tessa Tucker|None|||
Exmouth and Exeter East|Conservative Party |David Reed |winning|14,728|28.7|
Exmouth and Exeter East|Labour Party |Helen Dallimore|None|14,607|28.5|
Exmouth and Exeter East|Liberal Democrats |Paul Arnott|None|11,387|22.2|
Exmouth and Exeter East|Reform UK|Garry Sutherland|None|7,095|13.8|
Exmouth and Exeter East|Green Party of England and Wales|Olly Davey|None|2,331|4.5|
Exmouth and Exeter East|Independent|Dan Wilson|None|590|1.1|
Exmouth and Exeter East|Independent|Peter Faithfull|None|454|0.9|
Exmouth and Exeter East|Climate Party|Mark Baldwin|None|121|0.2|
Honiton and Sidmouth|Liberal Democrats |Richard Foord|winning|23,007|45.4|
Honiton and Sidmouth|Conservative Party |Simon Jupp|None|12,307|32.2|
Honiton and Sidmouth|Reform UK|Paul Quickenden|None|6,289|12.4|
Honiton and Sidmouth|Labour Party |Jake Bonetta|None|2,947|5.8|
Honiton and Sidmouth|Green Party of England and Wales|Henry Gent|None|1,394|2.8|
Honiton and Sidmouth|Independent politician|Vanessa Coxon|None|467|0.9|
Honiton and Sidmouth|Party of Women|Hazel Exon|None|10,700||
Torridge and Tavistock|Conservative Party |Geoffrey Cox |None|16,049|31.6|-28.2
Torridge and Tavistock|Liberal Democrats |Phil Hutty|None|12,099|23.8|+5.9
Torridge and Tavistock|Labour Party |Isabel Saxby|None|10,765|21.2|+3.3
Torridge and Tavistock|Reform UK|Andrew Jackson|None|9,152|18.0|+18.0
Torridge and Tavistock|Green Party of England and Wales|Judy Maciejowska|None|2,350|4.6|+1.2
Torridge and Tavistock|Independent|Alan Edward Rayner|None|3,950|7.8|
Tiverton and Minehead|Liberal Democrats |Rachel Gilmour|winning|18,326|38.6|
Tiverton and Minehead|Conservative Party |Ian Liddell-Grainger|None|14,819|31.2|
Tiverton and Minehead|Reform UK|Frederick Keen|None|7,787|16.4|
Tiverton and Minehead|Labour Party |Jonathan Barter|None|4,325|9.1|
Tiverton and Minehead|Green Party of England and Wales|Laura Buchanan|None|3,507||
Plymouth Moor View|Labour Party |Fred Thomas |winning|17,665|41.2|
Plymouth Moor View|Conservative Party |Johnny Mercer |None|12,061|28.1|
Plymouth Moor View|Reform UK|Shaun Hooper|None|9,670|22.6|
Plymouth Moor View|Liberal Democrats |Sarah Martin|None|1,766|4.1|
Plymouth Moor View|Green Party of England and Wales|Georgia Nelson|None|5,604|13.1|
Plymouth Sutton and Devonport|Labour and Co-operative|Luke Pollard|winning|20,795|49.4|
Plymouth Sutton and Devonport|Reform UK|Peter Gold|None|7,467|17.7|
Plymouth Sutton and Devonport|Conservative Party |Gareth Streeter|None|6,873|16.3|
Plymouth Sutton and Devonport|Green Party of England and Wales|Cam Hayward|None|3,186|7.6|
Plymouth Sutton and Devonport|Liberal Democrats |Holly Greenberry-Pullen|None|2,441|5.8|
Plymouth Sutton and Devonport|Independent|Chaz Singh|None|619|1.5|
Plymouth Sutton and Devonport|Workers Party of Britain|Guy Haywood|None|311|0.7|
Plymouth Sutton and Devonport|TUSC|Alex Moore|None|220|0.5|
Plymouth Sutton and Devonport|Socialist Labour Party |Robert Hawkins|None|183|0.4|
South Devon|Reform UK|Michael Bagley|None|6,363|13.0|+13.0
South Devon|Green Party of England and Wales|Robert Bagnall|None|1,497|3.1|+2.9
South Devon|Heritage Party |Becca Collings|None|125|0.3|+0.3
South Devon|Conservative Party |Anthony Mangnall|None|15,413|31.5|-22.1
South Devon|Labour Party |Daniel Steel|None|3,066|6.3|-10.7
South Devon|Liberal Democrats |Caroline Voaden|None|7,127|10.7|-43.0
Newton Abbot|Liberal Democrats |Martin Wrigley|None|15,201|31.7|+9.5
Newton Abbot|Conservative Party |Anne Marie Morris|None|12,955|27.0|-28.6
Newton Abbot|Reform UK|Christopher Hilditch|None|8,494|17.7|+17.7
Newton Abbot|Labour Party |Jacob Cousens|None|7,115|14.8|-2.9
Newton Abbot|Green Party of England and Wales|Pauline Wynter|None|2,083|4.3|+1.4
Newton Abbot|South Devon Alliance|Liam Mullone|None|1,924|4.0|+4.0
Newton Abbot|Heritage Party |Andre Sabine|None|116|0.2|+0.2
Newton Abbot|Volt UK|Annaliese Cude|None|2,246|4.7|
North Devon|Liberal Democrats |Ian Roome|None|21,820|42.4|+12.4
North Devon|Conservative Party |Selaine Saxby|None|15,076|29.3|-27.3
North Devon|Reform UK|Nigel James|None|8,137|15.8|+15.8
North Devon|Labour Party |Nicky Edwards|None|3,216|6.3|-2.9
North Devon|Green Party of England and Wales|Cassius Lay|None|2,348|4.6|+1.4
North Devon|Independent politician|Steve Cotten|None|6,744|13.1|
South West Devon|Conservative Party |Rebecca Smith |winning|17,916|34.3|
South West Devon|Labour Party |Sarah Allen|None|15,804|30.3|
South West Devon|Reform UK|Stephen Horner|None|9,361|17.9|
South West Devon|Liberal Democrats |Julian Brazil|None|5,551|10.6|
South West Devon|Green Party of England and Wales|Lauren McLay|None|2,925|5.6|
South West Devon|Independent politician|Alan Spencer|None|438|0.8|
South West Devon|TUSC|Ben Davy|None|141|0.3|
South West Devon|Heritage Party |Darryl Ingram|None|2,112|4.0|
Torbay|Liberal Democrats |Steve Darling|winning|18,937|41.1|+16.9
Torbay|Conservative Party |Kevin Foster |None|13,588|29.5|
Torbay|Reform UK|Gordon Scott|None|8,660|18.8|
Torbay|Green Party of England and Wales|Charlie West|None|1,420|3.1|+0.7
Torbay|Workers Party of Britain|Paul Moor|None|5,349|11.6|
Christchurch|Conservative and Unionist|Christopher Chope|winning|16,941|35.8|
Christchurch|Liberal Democrats |Mike Cox|None|9,486|20.0|+2.6
Christchurch|Reform UK|Robin Adamson |None|8,961|18.9|
Christchurch|Labour Party |Joanna Howard|None|7,762|16.4|+3.5
Christchurch|Green Party of England and Wales|Susan Graham|None|1,900|4.0|
Christchurch|Independent|Simon McCormack|None|1,728|3.7|
Christchurch|Animal Welfare Party|Sasha Jolliffe Yasawi|None|335|0.7|
Christchurch|UKIP|Steve Unwin |None|163|0.3|
Christchurch|Social Democratic Party |Trevor Parsons|None|7,455|15.8|-31.5
Poole|Labour Party |Neil Duncan-Jordan|winning|14,168|31.8|+11.1
Poole|Conservative Party |Robert Syms|None|14,150|31.8|
Poole|Reform UK|Andrei Dragotoniu|None|7,429|16.7|
Poole|Liberal Democrats |Oliver Walters|None|5,507|12.4|
Poole|Green Party of England and Wales|Sarah Ward|None|2,218|5.0|+1.6
Poole|Independent |Joe Cronin|None|698|1.6|
Poole|UK Independence Party|Leanne Barnes|None|18|0|
Bournemouth East|Labour Party |Tom Hayes'''|None|18,316|40.8|+8.1
Bournemouth East|Conservative Party |Tobias Ellwood|None|12,837|28.6|-22.0
Bournemouth East|Reform UK|Martin Houlden|None|6,268|14.0|+14.0
Bournemouth East|Liberal Democrats |Jon Nicholas|None|3,082|6.9|-4.1
Bournemouth East|Green Party of England and Wales|Joe Salmon|None|5,479|12.2|-10.2
Bournemouth West|Labour Party |Jessica Toale|None|14365|36.4|+4.6
Bournemouth West|Conservative Party |Conor Burns|None|11141|28.3|-25.3
Bournemouth West|Reform UK|Ben Aston|None|6647|16.9|+16.9
Bournemouth West|Liberal Democrats |Jeff Hanna|None|4311|10.9|+0.8
Bournemouth West|Green Party of England and Wales|Darren Jones|None|2614|6.6|+2.1
Bournemouth West|Christian Peoples Alliance|Julie Vivienne|None|201|0.5|+0.5
Bournemouth West|Social Democratic Party |David Warden|None|3224|8.1|-14
Mid Dorset and North Poole|Liberal Democrats |Vikki Slade|winning|21,442|43.3|+13.4
Mid Dorset and North Poole|Conservative Party |Michael Tomlinson|None|20,090|40.6|-19.4
Mid Dorset and North Poole|Labour Party |Candice Johnson-Cole|None|4,566|9.2|+1.9
Mid Dorset and North Poole|Green Party of England and Wales|Ben Pantling|None|2,355|4.8|+1.9
Mid Dorset and North Poole|Social Democratic Party |John Dowling|None|1,352|2.7|
South Dorset|Conservative Party |Richard Drax|None|14,611|29.8|-29.4
South Dorset|Reform UK|Morgan Young|None|8,168|16.7|
South Dorset|Liberal Democrats |Matt Bell|None|8,017|16.3|+5.7
South Dorset|Green Party of England and Wales|Catherine Bennett|None|2,153|4.4|-0.0
South Dorset|Independent politician|Joy Wilson|None|192|0.4|
South Dorset|Independent politician|Giovanna Lewis|None|185|0.4|
South Dorset|Independent politician|Rosie Morrell|None|1,048|1.3|-32.3
West Dorset|Liberal Democrats |Edward Morello|winning|26,999|50.7|+18.7
West Dorset|Conservative Party |Chris Loder|None|19,210|36.1|-20
West Dorset|Labour Party |Donna Lumsden|None|3,086|5.8|-3.6
West Dorset|Green Party of England and Wales|Kelvin Clayton|None|2,288|4.3|+0.8
West Dorset||Oliver Chisholm|None|733|1.4|
West Dorset||Marcus White|None|7,789|14.6|
Cheltenham|Liberal Democrats |Max Wilkinson|winning|25,076|50.6|
Cheltenham|Conservative Party |Alex Chalk|None|17,866|36.1|
Cheltenham|Green Party of England and Wales|Daniel Wilson|None|3,160|6.4|
Cheltenham|Labour Party |Lara Chaplin|None|2,665|5.4|
Cheltenham|Independent|Daud McDonald|None|7,210|9.5|
Forest of Dean|Labour Party |Matt Bishop |None|16,373|34.0|+5.2
Forest of Dean|Conservative Party |Mark Harper|None|16,095|33.5|-26.1
Forest of Dean|Reform UK|Stanley Goodin|None|8,194|17.0|
Forest of Dean|Green Party of England and Wales|Chris McFarling|None|4,735|9.8|+0.7
Forest of Dean|Liberal Democrats |James Joyce|None|2,604|5.4|
Gloucester|Socialist Labour Party |Saiham Sikder|None|90|0.2|
Gloucester|Labour Party |Alex McIntyre|winning|16,472|36.1|
Gloucester|Conservative Party |Richard Graham |None|13,041|28.5|
Gloucester|Reform UK|Christopher Farmer|None|7,307|16.0|
Gloucester|Liberal Democrats |Rebecca Jane Trimnell|None|4,759|10.4|
Gloucester|Green Party of England and Wales|Adam Shearing|None|2,307|5.0|
Gloucester|Workers Party of Britain|Steve Gower|None|974|2.1|
Gloucester|Socialist Labour Party |Akhlaque Ahmed|None|496|1.1|
Gloucester|Independent|Fred Ramsey|None|3,431|7.6|
Tewkesbury|Liberal Democrats |Cameron Thomas |winning|20,730|42.7|
Tewkesbury|Conservative Party |Laurence Robertson|None|14,468|29.8|
Tewkesbury|Reform UK|Byron Davis|None|6,000|12.4|
Tewkesbury|Labour Party |Damola Animashaun|None|4,298|8.9|
Tewkesbury|Green Party of England and Wales|Cate Cody|None|2,873|5.9|
Tewkesbury|Christian Peoples Alliance|David Edgar|None|6,262|12.9|
South Cotswolds|Liberal Democrats |Roz Savage|winning|22,961|43.9|
South Cotswolds|Conservative Party |James Gray |None|17,988|34.4|
South Cotswolds|Reform UK|Desi Latimer|None|5,146|9.8|
South Cotswolds|Labour Party |Zo|None|3,942|7.5|
South Cotswolds|Green Party of England and Wales|Bob Eastoe|None|1,564|3.0|
South Cotswolds|Independent|Chris Twells|None|225|0.4|
South Cotswolds|Independent|Sandy Steel|None|183|0.3|
South Cotswolds|Social Democratic Party |Martin Broomfield|None|156|0.3|
South Cotswolds|Independent|Owen Humphreys|None|4973|9.5|
North Cotswolds|Independent|Jean Blackbeard|None|448|0.9|+0.9
North Cotswolds|Conservative Party |Geoffrey Clifton-Brown|None|17426|34.7|-24.6
North Cotswolds|Liberal Democrats |Paul Hodgkinson|None|14069|28.0|+10.0
North Cotswolds|Labour Party |Anna Mainwaring|None|8593|17.1|+0.6
North Cotswolds|Reform UK|Jason Preece|None|6502|12.9|+12.6
North Cotswolds|Green Party of England and Wales|Chloe Turner|None|||
Bridgwater|Independent|Pel|None|334|0.80|
Bridgwater|Reform UK|William Fagg|None|8,913|22.20|
Bridgwater|Conservative Party |Ashley Fox|None|12,281|30.60|
Bridgwater|Green Party of England and Wales|Charlie Graham|None|1,720|4.30|+2.2
Bridgwater|Labour Party |Leigh Redman|None|10,932|27.20|+6.5
Bridgwater|Liberal Democrats |Claire Sully|None|5,781|14.40|
Bridgwater|Workers Party of Britain|Gregory Tanner|None|1349|3.37|
Yeovil|Liberal Democrats |Adam Dance|None|23,765|48.5|+17.4
Yeovil|Conservative Party |Marcus Fysh|None|11,497|23.5|-34.7
Yeovil|Reform UK|Laura Bailhache|None|7,677|15.7|+15.7
Yeovil|Labour Party |Rebecca Montacute|None|3,002|6.1|-0.2
Yeovil|Green Party of England and Wales|Serena Wootton|None|2,403|4.9|+2.1
Yeovil|Independent politician|Steve Ashton|None|12,286|25.2|-2.3
Glastonbury and Somerton|Reform UK|Tom Carter|None|||
Glastonbury and Somerton|Green Party of England and Wales|Jon Cousins|None|||
Glastonbury and Somerton|Liberal Democrats |Sarah Dyke|None|||
Glastonbury and Somerton|Labour Party |Hal Hooberman|None|||
Glastonbury and Somerton|Conservative Party |Faye Purbrick|None|||
Taunton and Wellington|Liberal Democrats |Gideon Amos|winning|24,331|48.4|+12.1
Taunton and Wellington|Reform UK|Charles Hansard|None|8,053|16.0|+16.0
Taunton and Wellington|Conservative Party |Rebecca Pow|None|12,392|24.6|-27.4
Taunton and Wellington|Communist Party of Britain|Rochelle Russell|None|134|0.3|+0.3
Taunton and Wellington|Green Party of England and Wales|Ryan Trower|None|1,832|3.6|+3.6
Taunton and Wellington|Labour Party |Brenda Weston|None|11,939||
Melksham and Devizes|Liberal Democrats |Brian Mathew |None|20,031|39.1|+11.9
Melksham and Devizes|Conservative Party |Michelle Donelan|None|17,630|34.4|-23.4
Melksham and Devizes|Reform UK|Malcolm Cupis|None|6,726|13.1|+13.1
Melksham and Devizes|Labour Party |Kerry Postlewhite |None|4,597|9|-3
Melksham and Devizes|Green Party of England and Wales|Catherine Read|None|2,401||
East Wiltshire|True and Fair Party|Pete Force-Jones|None|||
East Wiltshire|Green Party of England and Wales|Emily Herbert|None|||
East Wiltshire|Liberal Democrats |David Kinnaird|None|||
East Wiltshire|Conservative Party |Danny Kruger|None|||
East Wiltshire|Labour Party |Rob Newman|None|||
East Wiltshire|Reform UK|Stephen Talbot|None|||
South West Wiltshire|Conservative Party |Andrew Murrison|None|15,617||
South West Wiltshire|Labour Party |Evelyn Akoto|None|12,374||
South West Wiltshire|Independent|Thomas Culshaw|None|441||
South West Wiltshire|Reform UK|Garry Irvin|None|7,840||
South West Wiltshire|Liberal Democrats |Bret Palmer|None|7,205||
South West Wiltshire|Independent|James Ward|None|448||
South West Wiltshire|Green Party of England and Wales|Fay Whitfield|None|3,243||
Swindon North|Labour Party |Will Stone|winning|17,930|40.6|
Swindon North|Conservative Party |Justin Tomlinson|None|13,827|31.3|
Swindon North|Reform UK|Les Willis|None|7,557|17.1|
Swindon North|Green Party of England and Wales|Andy Bentley|None|2,366|5.4|
Swindon North|Liberal Democrats |Flo Clucas|None|2,086|4.7|
Swindon North|Independent|Debbie Hicks|None|260|0.6|
Swindon North|Trade Unionist and Socialist Coalition|Scott Hunter|None|4,103||
Swindon South|Labour Party |Heidi Alexander|winning|21,676|48.4|
Swindon South|Conservative Party |Robert Buckland|None|12,070|26.9|
Swindon South|Reform UK|Catherine Kosidowski|None|6,194|13.8|
Swindon South|Green Party of England and Wales|Rod Hebden|None|2,539|5.7|
Swindon South|Liberal Democrats |Matt McCabe|None|1,843|4.1|
Swindon South|Independent politician|Martin Costello|None|9,606|21.5|
Chippenham|Liberal Democrats |Sarah Gibson |winning|22,552|45.5|
Chippenham|Conservative Party |Nic Puntis|None|14,414|29.1|
Chippenham|Reform UK|Benjamin Ginsburg|None|6,172|12.4|
Chippenham|Labour Party |Ravi Venkatesh|None|3,925|7.9|
Chippenham|Green Party of England and Wales|Declan Baseley|None|1,954|3.9|
Chippenham|Independent|Ed Deedigan|None|8,138|11.2|
Salisbury|Conservative Party |John Glen |None|17,110|34.1|-21.1
Salisbury|Labour Party |Matt Aldridge|None|13,303|26.5|+7.8
Salisbury|Liberal Democrats |Victoria Charleston|None|11,825|23.6|+4.1
Salisbury|Reform UK|Julian Malins|None|5,235|10.4|+10.4
Salisbury|Green Party of England and Wales|Barney Norris|None|2,115|4.2|-0.9
Salisbury|Independent politician|Arthur Uther Pendragon|None|458|0.9|-0.5
Salisbury|Climate Party|Chris Harwood|None|3,807|7.6|
Bristol Central|Green Party of England and Wales|Carla Denyer|winning|24,539|56.6|+30.6
Bristol Central|Labour Party |Thangam Debbonaire|None|14,132|32.6|-25.9
Bristol Central|Conservative Party |Samuel Williams|None|1,998|4.6|-9.7
Bristol Central|Reform UK|Robert Clarke|None|1,338|3.1|+1.9
Bristol Central|Liberal Democrats |Nicholas Coombes|None|1,162|2.7|
Bristol Central|Party of Women|Kellie-Jay Keen-Minshull|None|10,407|24|
Bristol East|Labour Party |Kerry McCarthy|winning|20,748|45.0|-13.4
Bristol East|Green Party of England and Wales|Ani Stafford-Townsend|None|14,142|30.7|+22.3
Bristol East|Conservative Party |Dan Conaghan|None|6,435|14.0|-9.3
Bristol East|Liberal Democrats |Tony Sutcliffe|None|2,713|5.9|-1.0
Bristol East|Independent|Farooq Siddique|None|1,259|2.7|
Bristol East|Social Democratic Party |Clare Dunnage|None|555|1.2|
Bristol East|Independent|Wael Arafat|None|6,606|14.3|
Bristol North East|Labour Party |Damien Egan|winning|19,004|45.3|-5.0
Bristol North East|Green Party of England and Wales|Lorraine Francis|None|7,837|18.7|+14.7
Bristol North East|Conservative Party |Rose Hulse|None|6,216|14.8|-24.3
Bristol North East|Reform UK|Anthony New|None|5,418|12.9|+11.4
Bristol North East|Liberal Democrats |Louise Harris |None|1,964|4.7|-0.4
Bristol North East|Independent |Asif Ali|None|1,029|2.5|
Bristol North East|Trade Unionist and Socialist Coalition|Dan Smart|None|399|1.0|
Bristol North East|Social Democratic Party |Tommy Truman|None|11,167|26.6|
Bristol North West|Labour Party |Darren Jones |winning|24,058|49.6|+0.7
Bristol North West|Green Party of England and Wales|Mary Page|None|8,389|17.3|+10.9
Bristol North West|Conservative Party |Laura Saunders|None|6,773|14.0|-22.5
Bristol North West|Reform UK|Scarlett O'Connor|None|4,863|10.0|
Bristol North West|Liberal Democrats |Caroline Gooch|None|4,159|8.6|+0.5
Bristol North West|Social Democratic Party |Ben Smith|None|15,669|32.3|+22.1
Bristol South|Labour Party |Karin Smyth|winning|18,521|42.7|-8.9
Bristol South|Green Party of England and Wales|Jai Breitnauer|None|10,855|25.0|+19.9
Bristol South|Reform UK|Richard Visick|None|6,195|14.3|+10.0
Bristol South|Conservative Party |Liz Brennan|None|4,947|11.4|-21.4
Bristol South|Liberal Democrats |Andrew Brown|None|2,721|6.3|+0.1
Bristol South|Social Democratic Party |Neil Norton|None|7,666|17.7|
